Proventos;Código ISIN;Deliberado em;Negócios com até;% / Fator de Grupamento;Ativo Emitido;Observações;cvmCode
CIS RED CAP;BRRPADACNOR1;08/09/1998;26/11/1998;100.0;BRRPPRACNOR9;;9954
CIS RED CAP;BRRPADACNOR1;08/09/1998;26/11/1998;100.0;BRRPADACNOR1;;9954
CIS RED CAP;BRRPADACNPA4;08/09/1998;26/11/1998;100.0;BRRPPRACNPA2;;9954
CIS RED CAP;BRRPADACNPA4;08/09/1998;26/11/1998;100.0;BRRPADACNPA4;;9954
CIS RED CAP;BRRPADACNPB2;08/09/1998;26/11/1998;100.0;BRRPPRACNPB0;;9954
CIS RED CAP;BRRPADACNPB2;08/09/1998;26/11/1998;100.0;BRRPADACNPB2;;9954
BONIFICACAO;BRRPADACNOR1;21/08/1989;21/08/1989;500.0;BRRPADACNOR1;;9954
BONIFICACAO;BRRPADACNPA4;21/08/1989;21/08/1989;500.0;BRRPADACNPA4;;9954
BONIFICACAO;BRRPADACNPB2;21/08/1989;21/08/1989;500.0;BRRPADACNPB2;;9954
BONIFICACAO;BRALUPACNOR8;20/04/2016;20/04/2016;6.5;BRALUPACNOR8;;21490
BONIFICACAO;BRALUPACNPR5;20/04/2016;20/04/2016;6.5;BRALUPACNPR5;;21490
BONIFICACAO;BRALUPCDAM15;20/04/2016;20/04/2016;6.5;BRALUPCDAM15;;21490
GRUPAMENTO;BRCBEEACNOR3;15/12/2015;14/01/2016;2.5e-05;BRCBEEACNOR3;;3050
CIS RED CAP QTD;BRCBEEACNOR3;29/12/2005;02/08/2006;0.28334053219;BRAMPIACNOR1;;3050
CIS RED CAP QTD;BRCBEEACNOR3;29/12/2005;02/08/2006;92.61731232092;BRCBEEACNOR3;;3050
BONIFICACAO;BRCBEEACNOR3;23/04/1993;23/04/1993;1100.0;BRCBEEACNOR3;;3050
DESDOBRAMENTO;BRANIMACNOR6;18/02/2021;18/02/2021;200.0;BRANIMACNOR6;;23248
BONIFICACAO;BRATOMACNOR1;29/04/2022;29/04/2022;13.90451617;BRATOMACNOR1;;15423
GRUPAMENTO;BRATOMACNOR1;23/06/2016;25/07/2016;0.33333333334;BRATOMACNOR1;;15423
DESDOBRAMENTO;BRAURABDR001;05/08/2020;25/08/2020;1400.0;BRAURABDR001;;80187
RESG TOTAL RV;BRAUREARNPR4;15/02/2022;25/03/2022;100.0;;;26620
GRUPAMENTO;BRAZEVACNOR0;08/05/2019;07/06/2019;0.2;BRAZEVACNOR0;;11975
GRUPAMENTO;BRAZEVACNPR7;08/05/2019;07/06/2019;0.2;BRAZEVACNPR7;;11975
DESDOBRAMENTO;BRAZEVACNOR0;29/04/2011;29/04/2011;99900.0;BRAZEVACNOR0;;11975
DESDOBRAMENTO;BRAZEVACNPR7;29/04/2011;29/04/2011;99900.0;BRAZEVACNPR7;;11975
BONIFICACAO;BRAZEVACEOR9;30/04/1987;29/05/1987;300.0;BRAZEVACEOR9;;11975
BONIFICACAO;BRAZEVACEPR6;30/04/1987;29/05/1987;300.0;BRAZEVACEPR6;;11975
BONIFICACAO;BRAZEVACPOR5;30/04/1987;29/05/1987;300.0;BRAZEVACPOR5;;11975
BONIFICACAO;BRAZEVACPPR2;30/04/1987;29/05/1987;300.0;BRAZEVACPPR2;;11975
DESDOBRAMENTO;BRBAHIACNOR1;18/08/2021;18/08/2021;400.0;BRBAHIACNOR1;;701
GRUPAMENTO;BRBAHIACNOR1;09/09/2016;31/10/2016;0.1;BRBAHIACNOR1;;701
BONIFICACAO;BRBAHIACNOR1;15/04/2011;15/04/2011;10.0;BRBAHIACNOR1;;701
REST CAP ACOES;BRBAHIACNOR1;12/07/2010;13/09/2010;125.0;BRITUBACNOR4;;701
INCORPORACAO;BRBIDIA01OR4;12/05/2022;17/06/2022;16.66666666667;BRINHFARNPR0;;24406
INCORPORACAO;BRBIDIA01PR1;12/05/2022;17/06/2022;16.66666666667;BRINHFARNPR0;;24406
INCORPORACAO;BRBIDIACNOR3;12/05/2022;17/06/2022;16.66666666667;BRINHFZ01PR0;;24406
INCORPORACAO;BRBIDIACNPR0;12/05/2022;17/06/2022;16.66666666667;BRINHFZ01PR0;;24406
INCORPORACAO;BRBIDICDAXX3;12/05/2022;17/06/2022;50.0;BRINHFZ01PR0;;24406
INCORPORACAO;BRBIDIUNT002;12/05/2022;17/06/2022;50.0;BRINHFARNPR0;;24406
DESDOBRAMENTO;BRBIDIACNOR3;28/04/2021;25/05/2021;200.0;BRBIDIACNOR3;;24406
DESDOBRAMENTO;BRBIDIACNPR0;28/04/2021;25/05/2021;200.0;BRBIDIACNPR0;;24406
DESDOBRAMENTO;BRBIDICDAXX3;28/04/2021;25/05/2021;200.0;BRBIDICDAXX3;;24406
GRUPAMENTO;BRBEESACNOR9;16/10/2014;16/01/2015;0.2;BRBEESACNOR9;;1155
GRUPAMENTO;BRBEESACNPR6;16/10/2014;16/01/2015;0.2;BRBEESACNPR6;;1155
DESDOBRAMENTO;BRBEESACNOR9;17/01/2012;17/08/2012;99900.0;BRBEESACNOR9;;1155
DESDOBRAMENTO;BRBEESACNPR6;17/01/2012;17/08/2012;99900.0;BRBEESACNPR6;;1155
BONIFICACAO;BRBEESACNOR9;30/04/1992;30/04/1992;12300.0;BRBEESACNOR9;;1155
GRUPAMENTO;BRBDLLACNOR1;21/04/1987;23/05/1988;1.0;BRBDLLACNOR1;;1520
GRUPAMENTO;BRBDLLACNPR8;21/04/1987;23/05/1988;1.0;BRBDLLACNPR8;;1520
GRUPAMENTO;BRBDLLACPOR6;21/04/1987;23/05/1988;0.001;BRBDLLACPOR6;;1520
GRUPAMENTO;BRBDLLACPPR3;21/04/1987;23/05/1988;0.001;BRBDLLACPPR3;;1520
BONIFICACAO;BRBDLLACPOR6;29/10/1981;05/02/1982;100.0;BRBDLLACPOR6;;1520
BONIFICACAO;BRBDLLACPPR3;29/10/1981;05/02/1982;100.0;BRBDLLACPPR3;;1520
BONIFICACAO;BRBDLLACNOR1;29/10/1981;30/12/1981;100.0;BRBDLLACNOR1;;1520
BONIFICACAO;BRBDLLACNPR8;29/10/1981;30/12/1981;100.0;BRBDLLACNPR8;;1520
DESDOBRAMENTO;BRBALMACNOR5;30/04/2014;30/04/2014;900.0;BRBALMACNOR5;;1562
DESDOBRAMENTO;BRBALMACNPR2;30/04/2014;30/04/2014;900.0;BRBALMACNPR2;;1562
GRUPAMENTO;BRBALMACNOR5;29/04/2005;27/05/2005;0.001;BRBALMACNOR5;;1562
GRUPAMENTO;BRBALMACNPR2;29/04/2005;27/05/2005;0.001;BRBALMACNPR2;;1562
BONIFICACAO;BRBALMACPOR0;29/04/1991;27/06/1991;351900.0;BRBALMACNOR5;;1562
BONIFICACAO;BRBALMACPPR7;29/04/1991;27/06/1991;351900.0;BRBALMACNPR2;;1562
CIS RED CAP;BRBRIVACNOR6;18/08/1998;26/11/1998;100.0;BRRHPRACNOR6;;1384
CIS RED CAP;BRBRIVACNOR6;18/08/1998;26/11/1998;100.0;BRBRIVACNOR6;;1384
CIS RED CAP;BRBRIVACNPR3;18/08/1998;26/11/1998;100.0;BRRHPRACNPR3;;1384
CIS RED CAP;BRBRIVACNPR3;18/08/1998;26/11/1998;100.0;BRBRIVACNPR3;;1384
BONIFICACAO;BRBRIVACNOR6;28/08/1989;28/08/1989;200.0;BRBRIVACNOR6;;1384
BONIFICACAO;BRBRIVACNPR3;28/08/1989;28/08/1989;200.0;BRBRIVACNPR3;;1384
GRUPAMENTO;BRBAZAACNOR0;07/03/2016;19/08/2016;0.01;BRBAZAACNOR0;;922
BONIFICACAO;BRBAZAACNOR0;11/08/1988;11/08/1988;900.0;BRBAZAACNOR0;;922
DESDOBRAMENTO;BRBBASACNOR3;25/04/2007;01/06/2007;200.0;BRBBASACNOR3;;1023
GRUPAMENTO;BRBBASACNOR3;12/11/2003;23/01/2004;0.001;BRBBASACNOR3;;1023
GRUPAMENTO;BRBBASN01OR7;12/11/2003;23/01/2004;0.001;BRBBASN01OR7;;1023
GRUPAMENTO;BRBBASN02OR5;12/11/2003;23/01/2004;0.001;BRBBASN02OR5;;1023
BONIFICACAO;BRBBASA0NOR9;17/06/1996;17/06/1996;20.0;;;1023
BONIFICACAO;BRBBASA0NOR9;17/06/1996;17/06/1996;30.0;;;1023
BONIFICACAO;BRBBASA0NOR9;17/06/1996;17/06/1996;50.0;;;1023
BONIFICACAO;BRBBASA0NPR6;17/06/1996;17/06/1996;20.0;;;1023
BONIFICACAO;BRBBASA0NPR6;17/06/1996;17/06/1996;30.0;;;1023
BONIFICACAO;BRBBASA0NPR6;17/06/1996;17/06/1996;50.0;;;1023
BONIFICACAO;BRBBASACNOR3;17/06/1996;17/06/1996;20.0;;;1023
BONIFICACAO;BRBBASACNOR3;17/06/1996;17/06/1996;30.0;;;1023
BONIFICACAO;BRBBASACNOR3;17/06/1996;17/06/1996;50.0;;;1023
BONIFICACAO;BRBBASACNPR0;17/06/1996;17/06/1996;20.0;;;1023
BONIFICACAO;BRBBASACNPR0;17/06/1996;17/06/1996;30.0;;;1023
BONIFICACAO;BRBBASACNPR0;17/06/1996;17/06/1996;50.0;;;1023
BONIFICACAO;BRBGIPACNOR1;22/04/2014;09/09/2014;45.0;BRBGIPACNOR1;;1120
BONIFICACAO;BRBGIPACNPR8;22/04/2014;09/09/2014;45.0;BRBGIPACNPR8;;1120
GRUPAMENTO;BRBGIPACNOR1;28/06/2007;07/12/2007;0.02;BRBGIPACNOR1;;1120
GRUPAMENTO;BRBGIPACNPR8;28/06/2007;07/12/2007;0.02;BRBGIPACNPR8;;1120
DESDOBRAMENTO;BRBGIPACNOR1;28/07/1997;28/07/1997;150.0;BRBGIPACNOR1;;1120
DESDOBRAMENTO;BRBGIPACNPR8;28/07/1997;28/07/1997;150.0;BRBGIPACNPR8;;1120
GRUPAMENTO;BRBPARACNOR5;30/06/2008;29/01/2009;0.001;BRBPARACNOR5;;1171
BONIFICACAO;BRBPARACNOR5;27/02/1987;27/02/1987;2900.0;BRBPARACNOR5;;1171
GRUPAMENTO;BRBRSRACNOR3;01/06/2007;23/07/2007;0.00666666667;BRBRSRACNOR3;;1210
GRUPAMENTO;BRBRSRACNPA6;01/06/2007;23/07/2007;0.00666666667;BRBRSRACNPA6;;1210
GRUPAMENTO;BRBRSRACNPB4;01/06/2007;23/07/2007;0.00666666667;BRBRSRACNPB4;;1210
BONIFICACAO;BRBRSRACNOR3;21/06/2007;21/06/2007;25.0;BRBRSRACNPA6;;1210
BONIFICACAO;BRBRSRACNPR0;21/06/2007;21/06/2007;25.0;BRBRSRACNPA6;;1210
GRUPAMENTO;BRBMINACNOR4;28/06/2017;12/09/2017;0.01;BRBMINACNOR4;;1309
GRUPAMENTO;BRBMINACNPR1;28/06/2017;12/09/2017;0.01;BRBMINACNPR1;;1309
RESG TOTAL RV;BRBMINR01OR9;03/08/2017;03/08/2017;100.0;;;1309
RESG TOTAL RV;BRBMINR01PR6;03/08/2017;03/08/2017;100.0;;;1309
BONIFICACAO;BRBMINACPPR6;01/07/1987;24/07/1987;99900.0;BRBMINACPPR6;;1309
GRUPAMENTO;BRBNBRACNOR8;17/03/2008;11/07/2008;0.0001;BRBNBRACNOR8;;1228
GRUPAMENTO;BRBNBRACNPR5;17/03/2008;11/07/2008;0.0001;BRBNBRACNPR5;;1228
BONIFICACAO;BRBNBRACNOR8;20/02/1990;20/02/1990;1000.0;BRBNBRACNOR8;;1228
BONIFICACAO;BRBNBRACNPR5;20/02/1990;20/02/1990;1000.0;BRBNBRACNPR5;;1228
RESG TOTAL RV;BRBPANE02PR2;05/12/2014;08/12/2014;100.0;;;21199
BONIFICACAO;BRPINEACNOR1;01/11/2013;06/01/2014;11.52127076236;BRPINEACNOR1;;20567
BONIFICACAO;BRPINEACNPR8;01/11/2013;06/01/2014;11.52127076236;BRPINEACNPR8;;20567
CIS RED CAP;BRSANBACNOR8;31/03/2021;15/10/2021;25.0;BRGETTACNOR4;;20532
CIS RED CAP;BRSANBACNOR8;31/03/2021;15/10/2021;100.0;BRSANBACNOR8;;20532
CIS RED CAP;BRSANBACNPR5;31/03/2021;15/10/2021;25.0;BRGETTACNPR1;;20532
CIS RED CAP;BRSANBACNPR5;31/03/2021;15/10/2021;100.0;BRSANBACNPR5;;20532
CIS RED CAP;BRSANBCDAM13;31/03/2021;15/10/2021;25.0;BRGETTCDAM17;;20532
CIS RED CAP;BRSANBCDAM13;31/03/2021;15/10/2021;100.0;BRSANBCDAM13;;20532
GRUPAMENTO;BRSANBACNOR8;18/03/2014;30/05/2014;0.01818181819;BRSANBACNOR8;;20532
GRUPAMENTO;BRSANBACNPR5;18/03/2014;30/05/2014;0.01818181819;BRSANBACNPR5;;20532
BONIFICACAO;BRSANBACNOR8;18/03/2014;27/05/2014;4.7619048;BRSANBACNPR5;;20532
BONIFICACAO;BRSANBACNPR5;18/03/2014;27/05/2014;4.7619048;BRSANBACNPR5;;20532
GRUPAMENTO;BRBMKSACNOR9;05/05/1987;31/05/1988;1.0;BRBMKSACNOR9;;1694
BONIFICACAO;BRBMKSACPOR4;26/12/1979;27/02/1980;10.0;BRBMKSACPOR4;;1694
BONIFICACAO;BRBMKSACPOR4;29/01/1979;09/03/1979;20.0;BRBMKSACPOR4;;1694
GRUPAMENTO;BRBOBRACNOR6;25/04/2005;03/06/2005;0.001;BRBOBRACNOR6;;12190
GRUPAMENTO;BRBOBRACNPR3;25/04/2005;03/06/2005;0.001;BRBOBRACNPR3;;12190
BONIFICACAO;BRBOBRACNOR6;29/05/1989;30/05/1989;900.0;BRBOBRACNOR6;;12190
BONIFICACAO;BRBOBRACNPR3;29/05/1989;30/05/1989;900.0;BRBOBRACNPR3;;12190
BONIFICACAO;BRBOBRACPPR8;29/05/1989;30/05/1989;900.0;BRBOBRACPPR8;;12190
BONIFICACAO;BRBRMLACNOR9;28/04/2017;28/04/2017;15.0;BRBRMLACNOR9;;19909
DESDOBRAMENTO;BRBRMLACNOR9;23/09/2010;23/09/2010;100.0;BRBRMLACNOR9;;19909
GRUPAMENTO;BRBRPRACNOR9;03/02/2010;03/02/2010;0.25;BRBRPRACNOR9;;19925
CIS RED CAP;BRBRPRACNOR9;11/12/2006;03/08/2007;0.00010747345;BRSAGPACNOR2;;19925
CIS RED CAP;BRBRPRACNOR9;11/12/2006;03/08/2007;0.00010747345;BRSAGPACNPR9;;19925
CIS RED CAP;BRBRPRACNOR9;11/12/2006;03/08/2007;0.00010747345;BRSAHYACNOR2;;19925
CIS RED CAP;BRBRPRACNOR9;11/12/2006;03/08/2007;0.00010747345;BRSAHYACNPR9;;19925
CIS RED CAP;BRBRPRACNOR9;11/12/2006;03/08/2007;0.00010747345;BRSETIACNOR2;;19925
CIS RED CAP;BRBRPRACNOR9;11/12/2006;03/08/2007;0.00010747345;BRSETIACNPR9;;19925
CIS RED CAP;BRBRPRACNOR9;11/12/2006;03/08/2007;0.00010747345;BRSIBAACNOR8;;19925
CIS RED CAP;BRBRPRACNOR9;11/12/2006;03/08/2007;0.00010747345;BRSIBAACNPR5;;19925
CIS RED CAP;BRBRPRACNOR9;11/12/2006;03/08/2007;100.0;BRBRPRACNOR9;;19925
REST CAP ACOES;BRBRAPACNOR5;15/10/2021;16/12/2021;33.2373453;BRVALEACNOR0;;18724
REST CAP ACOES;BRBRAPACNPR2;15/10/2021;16/12/2021;33.2373453;BRVALEACNOR0;;18724
BONIFICACAO;BRBRAPACNOR5;14/09/2021;20/09/2021;12.94774625;BRBRAPACNOR5;;18724
BONIFICACAO;BRBRAPACNPR2;14/09/2021;20/09/2021;12.94774625;BRBRAPACNPR2;;18724
DESDOBRAMENTO;BRBRAPACNOR5;29/04/2005;29/04/2005;100.0;BRBRAPACNOR5;;18724
DESDOBRAMENTO;BRBRAPACNPR2;29/04/2005;29/04/2005;100.0;BRBRAPACNPR2;;18724
GRUPAMENTO;BRBRAPACNOR5;30/04/2004;02/07/2004;2e-05;BRBRAPACNOR5;;18724
GRUPAMENTO;BRBRAPACNPR2;30/04/2004;02/07/2004;2e-05;BRBRAPACNPR2;;18724
DESDOBRAMENTO;BRAGROACNOR7;31/10/2007;31/10/2007;9900.0;BRAGROACNOR7;;20036
GRUPAMENTO;BRBRKMACNOR1;31/03/2005;13/05/2005;0.004;BRBRKMACNOR1;;4820
GRUPAMENTO;BRBRKMACNPA4;31/03/2005;13/05/2005;0.004;BRBRKMACNPA4;;4820
GRUPAMENTO;BRBRKMACNPB2;31/03/2005;13/05/2005;0.004;BRBRKMACNPB2;;4820
DESDOBRAMENTO;BRBRKMACNOR1;20/10/2003;20/10/2003;1900.0;BRBRKMACNOR1;;4820
DESDOBRAMENTO;BRBRKMACNPA4;20/10/2003;20/10/2003;1900.0;BRBRKMACNPA4;;4820
DESDOBRAMENTO;BRBRKMACNPB2;20/10/2003;20/10/2003;1900.0;BRBRKMACNPB2;;4820
DESDOBRAMENTO;BRBSLIACNOR5;03/08/2020;04/01/2021;900.0;BRBSLIACNOR5;;14206
DESDOBRAMENTO;BRBSLIACNPR2;03/08/2020;04/01/2021;900.0;BRBSLIACNPR2;;14206
GRUPAMENTO;BRBSLIACNOR5;29/04/2005;29/04/2005;0.001;BRBSLIACNOR5;;14206
GRUPAMENTO;BRBSLIACNPR2;29/04/2005;29/04/2005;0.001;BRBSLIACNPR2;;14206
BONIFICACAO;BRBSLIACNOR5;23/12/1994;26/12/1994;39900.0;BRBSLIACNOR5;;14206
BONIFICACAO;BRBSLIACNPR2;23/12/1994;26/12/1994;39900.0;BRBSLIACNPR2;;14206
DESDOBRAMENTO;BRBRFSACNOR8;31/03/2010;31/03/2010;100.0;BRBRFSACNOR8;;16292
DESDOBRAMENTO;BRCAMBACNOR4;14/08/2019;14/08/2019;900.0;BRCAMBACNOR4;;2100
DESDOBRAMENTO;BRCAMBACNPR1;14/08/2019;14/08/2019;900.0;BRCAMBACNPR1;;2100
GRUPAMENTO;BRCAMBACNOR4;30/05/2016;29/06/2016;0.1;BRCAMBACNOR4;;2100
GRUPAMENTO;BRCAMBACNPR1;30/05/2016;29/06/2016;0.1;BRCAMBACNPR1;;2100
BONIFICACAO;BRCAMBA0PPR6;27/11/1985;20/12/1985;120.0;BRCAMBACPPR6;;2100
BONIFICACAO;BRCAMBACPOR9;27/11/1985;20/12/1985;120.0;BRCAMBACPOR9;;2100
BONIFICACAO;BRCAMBACPPR6;27/11/1985;20/12/1985;120.0;BRCAMBACPPR6;;2100
BONIFICACAO;BRCAMBA0EPR0;27/11/1985;29/11/1985;120.0;BRCAMBACEPR0;;2100
BONIFICACAO;BRCAMBACEOR3;27/11/1985;29/11/1985;120.0;BRCAMBACEOR3;;2100
BONIFICACAO;BRCAMBACEPR0;27/11/1985;29/11/1985;120.0;BRCAMBACEPR0;;2100
BONIFICACAO;BRCAMBACNOR4;27/11/1985;29/11/1985;120.0;BRCAMBACNOR4;;2100
BONIFICACAO;BRCAMBACNPR1;27/11/1985;29/11/1985;120.0;BRCAMBACNPR1;;2100
GRUPAMENTO;BRMAPTACNOR8;16/11/2015;23/12/2015;0.1;BRMAPTACNOR8;;13854
GRUPAMENTO;BRMAPTACNPR5;16/11/2015;23/12/2015;0.1;BRMAPTACNPR5;;13854
GRUPAMENTO;BRELETACNOR6;16/07/2007;17/08/2007;0.002;BRELETACNOR6;;2437
GRUPAMENTO;BRELETACNPA9;16/07/2007;17/08/2007;0.002;BRELETACNPA9;;2437
GRUPAMENTO;BRELETACNPB7;16/07/2007;17/08/2007;0.002;BRELETACNPB7;;2437
CIS RED CAP;BRELETACNOR6;29/01/1998;29/05/1998;100.0;BRGRSUACNOR6;;2437
CIS RED CAP;BRELETACNOR6;29/01/1998;29/05/1998;100.0;BRELETACNOR6;;2437
CIS RED CAP;BRELETACNPA9;29/01/1998;29/05/1998;100.0;BRGRSUACNPA9;;2437
CIS RED CAP;BRELETACNPA9;29/01/1998;29/05/1998;100.0;BRELETACNPA9;;2437
CIS RED CAP;BRELETACNPB7;29/01/1998;29/05/1998;100.0;BRGRSUACNPB7;;2437
CIS RED CAP;BRELETACNPB7;29/01/1998;29/05/1998;100.0;BRELETACNPB7;;2437
DESDOBRAMENTO;BRELETACNOR6;15/12/1997;15/12/1997;900.0;BRELETACNOR6;;2437
DESDOBRAMENTO;BRELETACNPA9;15/12/1997;15/12/1997;900.0;BRELETACNPA9;;2437
DESDOBRAMENTO;BRELETACNPB7;15/12/1997;15/12/1997;900.0;BRELETACNPB7;;2437
BONIFICACAO;BRELETACNOR6;06/06/1991;06/06/1991;100.0;BRELETACNOR6;;2437
BONIFICACAO;BRELETACNPA9;06/06/1991;06/06/1991;100.0;BRELETACNPA9;;2437
BONIFICACAO;BRELETACNPB7;06/06/1991;06/06/1991;100.0;BRELETACNPB7;;2437
GRUPAMENTO;BRCLSCACNOR6;11/08/2006;29/09/2006;0.05;BRCLSCACNOR6;;2461
GRUPAMENTO;BRCLSCACNPA9;11/08/2006;29/09/2006;0.05;BRCLSCACNPA9;;2461
GRUPAMENTO;BRCLSCACNPB7;11/08/2006;29/09/2006;0.05;BRCLSCACNPB7;;2461
BONIFICACAO;BRCLSCA0NOR4;22/03/1993;22/03/1993;50.0;BRCLSCACNPB7;;2461
BONIFICACAO;BRCLSCA0NPR1;22/03/1993;22/03/1993;50.0;BRCLSCACNPB7;;2461
BONIFICACAO;BRCLSCACNOR6;22/03/1993;22/03/1993;50.0;BRCLSCACNPB7;;2461
BONIFICACAO;BRCLSCACNPR3;22/03/1993;22/03/1993;50.0;BRCLSCACNPB7;;2461
CIS RED CAP;BRPCARACNOR3;31/12/2020;26/02/2021;100.0;BRASAIACNOR0;;14826
CIS RED CAP;BRPCARACNOR3;31/12/2020;26/02/2021;100.0;BRPCARACNOR3;;14826
REST CAP C/ RED;BRPCARA01PB5;18/09/2009;18/09/2009;70.7310652;BRPCARA01PB5;;14826
GRUPAMENTO;BRPCARACNOR3;30/07/2007;31/08/2007;0.002;BRPCARACNOR3;;14826
GRUPAMENTO;BRPCARACNPR0;30/07/2007;31/08/2007;0.002;BRPCARACNPR0;;14826
RESG TOTAL RV;BRCASNR05OR2;22/05/2020;22/05/2020;100.0;;;16861
RESG TOTAL RV;BRCASNR05PR9;22/05/2020;22/05/2020;100.0;;;16861
REST CAP ACOES;BRGPARACNOR4;22/07/2010;30/09/2010;0.347834;BRCGTLACNOR5;;21393
GRUPAMENTO;BRCEEBACNOR3;06/11/2007;07/12/2007;0.01;BRCEEBACNOR3;;14524
GRUPAMENTO;BRCEEBACNPA6;06/11/2007;07/12/2007;0.01;BRCEEBACNPA6;;14524
GRUPAMENTO;BRCEEBACNPB4;06/11/2007;07/12/2007;0.01;BRCEEBACNPB4;;14524
BONIFICACAO;BRCEEBACNOR3;29/11/2005;28/07/2006;100.0;BRAFLUACNOR9;;14524
BONIFICACAO;BRCEEBACNPA6;29/11/2005;28/07/2006;100.0;BRAFLUACNPA2;;14524
BONIFICACAO;BRCEEBACNPB4;29/11/2005;28/07/2006;100.0;BRAFLUACNPB0;;14524
BONIFICACAO;BRCMIGACNOR6;29/04/2022;29/04/2022;29.999999976;BRCMIGACNOR6;;2453
BONIFICACAO;BRCMIGACNPR3;29/04/2022;29/04/2022;29.999999976;BRCMIGACNPR3;;2453
GRUPAMENTO;BRCMIGACNOR6;26/04/2007;01/06/2007;0.002;BRCMIGACNOR6;;2453
GRUPAMENTO;BRCMIGACNPR3;26/04/2007;01/06/2007;0.002;BRCMIGACNPR3;;2453
GRUPAMENTO;BRCEPEACNOR3;07/11/2007;10/12/2007;0.001;BRCEPEACNOR3;;14362
GRUPAMENTO;BRCEPEACNPA6;07/11/2007;10/12/2007;0.001;BRCEPEACNPA6;;14362
GRUPAMENTO;BRCEPEACNPB4;07/11/2007;10/12/2007;0.001;BRCEPEACNPB4;;14362
GRUPAMENTO;BRCOCEACNOR0;30/04/2007;01/06/2007;0.0005;BRCOCEACNOR0;;14869
GRUPAMENTO;BRCOCEACNPA3;30/04/2007;01/06/2007;0.0005;BRCOCEACNPA3;;14869
GRUPAMENTO;BRCOCEACNPB1;30/04/2007;01/06/2007;0.0005;BRCOCEACNPB1;;14869
DESDOBRAMENTO;BRCOCEACNOR0;29/04/2003;29/04/2003;3.23;BRCOCEACNOR0;;14869
DESDOBRAMENTO;BRCOCEACNPA3;29/04/2003;29/04/2003;3.23;BRCOCEACNPA3;;14869
DESDOBRAMENTO;BRCOCEACNPB1;29/04/2003;29/04/2003;3.23;BRCOCEACNPB1;;14869
GRUPAMENTO;BRCEEDACNOR9;29/04/2016;13/06/2016;0.025;BRCEEDACNOR9;;20648
GRUPAMENTO;BRCEEDACNPR6;29/04/2016;13/06/2016;0.025;BRCEEDACNPR6;;20648
CIS RED CAP;BREEELACNOR8;18/02/2021;29/09/2021;100.0;BREEELACNOR8;;3204
CIS RED CAP;BREEELACNOR8;18/02/2021;29/09/2021;100.0;BRCGEEACNOR2;;3204
CIS RED CAP;BREEELACNPR5;18/02/2021;29/09/2021;100.0;BREEELACNPR5;;3204
CIS RED CAP;BREEELACNPR5;18/02/2021;29/09/2021;100.0;BRCGEEACNPR9;;3204
GRUPAMENTO;BREEELACNOR8;29/04/2016;13/06/2016;0.025;BREEELACNOR8;;3204
GRUPAMENTO;BREEELACNPR5;29/04/2016;13/06/2016;0.025;BREEELACNPR5;;3204
DESDOBRAMENTO;BRFESAACNOR8;18/07/2008;18/07/2008;700.0;BRFESAACNOR8;;3069
DESDOBRAMENTO;BRFESAACNPR5;18/07/2008;18/07/2008;700.0;BRFESAACNPR5;;3069
GRUPAMENTO;BRFESAACNOR8;04/04/2005;05/05/2005;0.01;BRFESAACNOR8;;3069
GRUPAMENTO;BRFESAACNPR5;04/04/2005;05/05/2005;0.01;BRFESAACNPR5;;3069
BONIFICACAO;BRFESAACPPR0;12/12/1989;26/12/1989;900.0;BRFESAACPPR0;;3069
BONIFICACAO;BRFESAACNOR8;12/12/1989;15/12/1989;900.0;BRFESAACNOR8;;3069
BONIFICACAO;BRFESAACNPR5;12/12/1989;15/12/1989;900.0;BRFESAACNPR5;;3069
BONIFICACAO;BRCEDOACNOR8;29/04/2011;29/04/2011;180.18589;BRCEDOACNOR8;;3077
BONIFICACAO;BRCEDOACNPR5;29/04/2011;29/04/2011;180.18589;BRCEDOACNPR5;;3077
GRUPAMENTO;BRCEDOACNOR8;19/10/2007;23/11/2007;0.002;BRCEDOACNOR8;;3077
GRUPAMENTO;BRCEDOACNPR5;19/10/2007;23/11/2007;0.002;BRCEDOACNPR5;;3077
GRUPAMENTO;BRCGASACNOR0;29/08/2007;01/10/2007;0.01;BRCGASACNOR0;;15636
GRUPAMENTO;BRCGASACNPA3;29/08/2007;01/10/2007;0.01;BRCGASACNPA3;;15636
GRUPAMENTO;BRHBTSACNOR0;26/04/2005;24/06/2005;0.01;BRHBTSACNOR0;;3298
GRUPAMENTO;BRHBTSACNPA3;26/04/2005;24/06/2005;0.01;BRHBTSACNPA3;;3298
GRUPAMENTO;BRHBTSACNPB1;26/04/2005;24/06/2005;0.01;BRHBTSACNPB1;;3298
BONIFICACAO;BRHBTSACNOR0;29/04/1988;26/05/1988;400.0;BRHBTSACNOR0;;3298
BONIFICACAO;BRHBTSACNPR7;29/04/1988;26/05/1988;400.0;BRHBTSACNPR7;;3298
DESDOBRAMENTO;BRLCAMACNOR3;17/10/2019;17/10/2019;200.0;BRLCAMACNOR3;;22691
DESDOBRAMENTO;BRCPLEACNOR8;11/03/2021;11/03/2021;900.0;BRCPLEACNOR8;;14311
DESDOBRAMENTO;BRCPLEACNPA1;11/03/2021;11/03/2021;900.0;BRCPLEACNPA1;;14311
DESDOBRAMENTO;BRCPLEACNPB9;11/03/2021;11/03/2021;900.0;BRCPLEACNPB9;;14311
GRUPAMENTO;BRCPLEACNOR8;02/07/2007;03/08/2007;0.001;BRCPLEACNOR8;;14311
GRUPAMENTO;BRCPLEACNPA1;02/07/2007;03/08/2007;0.001;BRCPLEACNPA1;;14311
GRUPAMENTO;BRCPLEACNPB9;02/07/2007;03/08/2007;0.001;BRCPLEACNPB9;;14311
INCORPORACAO;BRPALFACNOR9;23/11/2005;04/01/2006;0.984244951;BRCPFEACNOR0;;3824
INCORPORACAO;BRPALFACNPA2;23/11/2005;04/01/2006;0.984244951;BRCPFEACNOR0;;3824
INCORPORACAO;BRPALFACNPB0;23/11/2005;04/01/2006;0.984244951;BRCPFEACNOR0;;3824
INCORPORACAO;BRPALFACNPC8;23/11/2005;04/01/2006;0.984244951;BRCPFEACNOR0;;3824
GRUPAMENTO;BRPALFARNPC6;18/10/2002;18/10/2002;0.88889;BRPALFARNPC6;;3824
CIS RED CAP;BRPALFACNOR9;29/09/2000;13/07/2001;100.0;BRCPFGACNOR5;;3824
CIS RED CAP;BRPALFACNOR9;29/09/2000;13/07/2001;100.0;BRPALFACNOR9;;3824
CIS RED CAP;BRPALFACNPA2;29/09/2000;13/07/2001;100.0;BRCPFGACNPR2;;3824
CIS RED CAP;BRPALFACNPA2;29/09/2000;13/07/2001;100.0;BRPALFACNPA2;;3824
CIS RED CAP;BRPALFACNPB0;29/09/2000;13/07/2001;100.0;BRCPFGACNPR2;;3824
CIS RED CAP;BRPALFACNPB0;29/09/2000;13/07/2001;100.0;BRPALFACNPB0;;3824
CIS RED CAP;BRPALFARNPC6;29/09/2000;13/07/2001;100.0;BRCPFGACNPR2;;3824
CIS RED CAP;BRPALFARNPC6;29/09/2000;13/07/2001;100.0;BRPALFARNPC6;;3824
BONIFICACAO;BRPALFACNOR9;07/06/2000;07/06/2000;71.9401828;BRPALFACNPC8;;3824
BONIFICACAO;BRPALFACNPA2;07/06/2000;07/06/2000;71.9401828;BRPALFACNPC8;;3824
BONIFICACAO;BRPALFACNPB0;07/06/2000;07/06/2000;71.9401828;BRPALFACNPC8;;3824
INCORPORACAO;BRCPFPACNOR6;23/11/2005;04/01/2006;16.518764745;BRPALFACNOR9;;19275
INCORPORACAO;BRCPFPACNPR3;23/11/2005;04/01/2006;16.518764745;BRPALFACNPA2;;19275
DESDOBRAMENTO;BRSBSPACNOR5;22/04/2013;22/04/2013;200.0;BRSBSPACNOR5;;14443
GRUPAMENTO;BRSBSPACNOR5;30/04/2007;01/06/2007;0.008;BRSBSPACNOR5;;14443
DESDOBRAMENTO;BRCSMGACNOR5;19/11/2020;25/11/2020;200.0;BRCSMGACNOR5;;19445
DESDOBRAMENTO;BRSAPRACNOR9;27/03/2020;27/03/2020;200.0;BRSAPRACNOR9;;18627
DESDOBRAMENTO;BRSAPRACNPR6;27/03/2020;27/03/2020;200.0;BRSAPRACNPR6;;18627
DESDOBRAMENTO;BRSAPRCDAM13;27/03/2020;27/03/2020;200.0;BRSAPRCDAM13;;18627
BONIFICACAO;BRSAPRACNOR9;22/03/2002;22/03/2002;25.0;BRSAPRACNPR6;;18627
BONIFICACAO;BRSAPRACNPR6;22/03/2002;22/03/2002;25.0;BRSAPRACNPR6;;18627
CIS RED CAP;BRCSABACNOR1;30/12/1999;15/09/2000;67.321328;BRPEABACNOR3;;3115
CIS RED CAP;BRCSABACNOR1;30/12/1999;15/09/2000;100.0;BRCSABACNOR1;;3115
CIS RED CAP;BRCSABACNPR8;30/12/1999;15/09/2000;67.321328;BRPEABACNPR0;;3115
CIS RED CAP;BRCSABACNPR8;30/12/1999;15/09/2000;100.0;BRCSABACNPR8;;3115
BONIFICACAO;BRCSABACNOR1;25/03/1986;25/03/1986;700.0;BRCSABACNOR1;;3115
BONIFICACAO;BRCSABACNPR8;25/03/1986;25/03/1986;700.0;BRCSABACNPR8;;3115
DESDOBRAMENTO;BRCSNAACNOR6;25/03/2010;25/03/2010;100.0;BRCSNAACNOR6;;4030
GRUPAMENTO;BRCSNAACNOR6;28/05/2004;28/05/2004;0.004;BRCSNAACNOR6;;4030
BONIFICACAO;BRCSNAACNPB7;25/09/1987;14/03/1988;900.0;BRCSNAACNPB7;;4030
BONIFICACAO;BRCSNAACPPB2;25/09/1987;14/03/1988;900.0;BRCSNAACPPB2;;4030
GRUPAMENTO;BRCTNMACNOR9;04/09/2015;04/09/2015;0.25;BRCTNMACNOR9;;3158
GRUPAMENTO;BRCTNMACNPR6;04/09/2015;04/09/2015;0.25;BRCTNMACNPR6;;3158
BONIFICACAO;BRCTNMACNOR9;27/09/2002;27/09/2002;15.0;BRCTNMACNPR6;;3158
BONIFICACAO;BRCTNMACNPR6;27/09/2002;27/09/2002;15.0;BRCTNMACNPR6;;3158
CIS RED CAP;BRCTNMACNOR9;30/05/1997;02/06/1997;100.0;BRECPRACNOR5;;3158
CIS RED CAP;BRCTNMACNOR9;30/05/1997;02/06/1997;100.0;BRCTNMACNOR9;;3158
CIS RED CAP;BRCTNMACNPR6;30/05/1997;02/06/1997;100.0;BRECPRACNPR2;;3158
CIS RED CAP;BRCTNMACNPR6;30/05/1997;02/06/1997;100.0;BRCTNMACNPR6;;3158
BONIFICACAO;BRCTSAACNOR3;25/06/2020;01/07/2020;183.2101627;BRCTSAACNPR0;;4081
BONIFICACAO;BRCTSAACNPD0;25/06/2020;01/07/2020;183.2101627;BRCTSAACNPR0;;4081
BONIFICACAO;BRCTSAACNPR0;25/06/2020;01/07/2020;183.2101627;BRCTSAACNPR0;;4081
GRUPAMENTO;BRCTSAACNOR3;31/03/1995;31/03/1995;0.001;BRCTSAACNOR3;;4081
GRUPAMENTO;BRCTSAACNPR0;31/03/1995;31/03/1995;0.001;BRCTSAACNPR0;;4081
CIS RED CAP;BRBRGEACNOR6;08/09/1998;26/11/1998;100.0;BRRCPRACNOR7;;4707
CIS RED CAP;BRBRGEACNOR6;08/09/1998;26/11/1998;100.0;BRBRGEACNOR6;;4707
CIS RED CAP;BRBRGEACNPA9;08/09/1998;26/11/1998;100.0;BRRCPRACNPA0;;4707
CIS RED CAP;BRBRGEACNPA9;08/09/1998;26/11/1998;100.0;BRBRGEACNPA9;;4707
CIS RED CAP;BRBRGEACNPB7;08/09/1998;26/11/1998;100.0;BRRCPRACNPB8;;4707
CIS RED CAP;BRBRGEACNPB7;08/09/1998;26/11/1998;100.0;BRBRGEACNPB7;;4707
CIS RED CAP;BRBRGEACNPC5;08/09/1998;26/11/1998;100.0;BRRCPRACNPC6;;4707
CIS RED CAP;BRBRGEACNPC5;08/09/1998;26/11/1998;100.0;BRBRGEACNPC5;;4707
CIS RED CAP;BRBRGEACNPD3;08/09/1998;26/11/1998;100.0;BRRCPRACNPD4;;4707
CIS RED CAP;BRBRGEACNPD3;08/09/1998;26/11/1998;100.0;BRBRGEACNPD3;;4707
CIS RED CAP;BRBRGEACNPE1;08/09/1998;26/11/1998;100.0;BRRCPRACNPE2;;4707
CIS RED CAP;BRBRGEACNPE1;08/09/1998;26/11/1998;100.0;BRBRGEACNPE1;;4707
CIS RED CAP;BRBRGEACNPF8;08/09/1998;26/11/1998;100.0;BRRCPRACNPF9;;4707
CIS RED CAP;BRBRGEACNPF8;08/09/1998;26/11/1998;100.0;BRBRGEACNPF8;;4707
BONIFICACAO;BRBRGEACNOR6;21/08/1989;21/08/1989;500.0;BRBRGEACNOR6;;4707
BONIFICACAO;BRBRGEACNPA9;21/08/1989;21/08/1989;500.0;BRBRGEACNPA9;;4707
BONIFICACAO;BRBRGEACNPB7;21/08/1989;21/08/1989;500.0;BRBRGEACNPB7;;4707
BONIFICACAO;BRBRGEACNPC5;21/08/1989;21/08/1989;500.0;BRBRGEACNPC5;;4707
BONIFICACAO;BRBRGEACNPD3;21/08/1989;21/08/1989;500.0;BRBRGEACNPD3;;4707
BONIFICACAO;BRBRGEACNPE1;21/08/1989;21/08/1989;500.0;BRBRGEACNPE1;;4707
BONIFICACAO;BRBRGEACNPF8;21/08/1989;21/08/1989;500.0;BRBRGEACNPF8;;4707
DESDOBRAMENTO;BRCALIACNOR1;28/04/2022;03/06/2022;400.0;BRCALIACNOR1;;4723
GRUPAMENTO;BRCALIACNOR1;30/04/2005;03/06/2005;0.001;BRCALIACNOR1;;4723
GRUPAMENTO;BRCALIACNPR8;30/04/2005;03/06/2005;0.001;BRCALIACNPR8;;4723
BONIFICACAO;BRCALIACPOR6;12/05/1986;06/06/1986;900.0;BRCALIACPOR6;;4723
BONIFICACAO;BRCALIACPPR3;12/05/1986;06/06/1986;900.0;BRCALIACPPR3;;4723
BONIFICACAO;BRCALIACNOR1;12/05/1986;14/05/1986;900.0;BRCALIACNOR1;;4723
BONIFICACAO;BRCALIACNPR8;12/05/1986;14/05/1986;900.0;BRCALIACNPR8;;4723
DESDOBRAMENTO;BRTENDACNOR4;25/03/2019;25/03/2019;100.0;BRTENDACNOR4;;21148
INCORPORACAO;BRTENDACNOR4;30/12/2009;08/02/2010;20.5;BRGFSAACNOR3;;21148
GRUPAMENTO;BRCORRACNOR0;29/04/2005;02/06/2005;5e-05;BRCORRACNOR0;;4863
GRUPAMENTO;BRCORRACNPR7;29/04/2005;02/06/2005;5e-05;BRCORRACNPR7;;4863
BONIFICACAO;BRCORRACPPR2;01/06/1988;14/06/1988;4900.0;BRCORRACPPR2;;4863
DESDOBRAMENTO;BRCSANACNOR6;30/04/2021;05/05/2021;300.0;BRCSANACNOR6;;19836
CIS RED CAP;BRCSANACNOR6;01/10/2014;03/10/2014;100.0;BRRLOGACNOR4;;19836
CIS RED CAP;BRCSANACNOR6;01/10/2014;03/10/2014;100.0;BRCSANACNOR6;;19836
BONIFICACAO;BRCSANR01OR1;19/09/2008;22/10/2008;100.0;BRCSANN01OR0;;19836
INCORPORACAO;BRCPFGACNOR5;20/06/2005;29/07/2005;0.0616522812;BRCPFEACNOR0;;18953
INCORPORACAO;BRCPFGACNPR2;20/06/2005;29/07/2005;0.0616522812;BRCPFEACNOR0;;18953
GRUPAMENTO;BRCRDEACNOR1;09/11/2018;07/12/2018;0.05;BRCRDEACNOR1;;20630
DESDOBRAMENTO;BRCTCAACNOR7;04/01/2021;04/01/2021;39900.0;BRCTCAACNOR7;;23981
DESDOBRAMENTO;BRTRPLACNOR4;04/04/2019;04/04/2019;300.0;BRTRPLACNOR4;;18376
DESDOBRAMENTO;BRTRPLACNPR1;04/04/2019;04/04/2019;300.0;BRTRPLACNPR1;;18376
RESG TOTAL RV;BRTRPLR04OR3;12/11/2012;14/11/2012;100.0;;;18376
RESG TOTAL RV;BRTRPLR04PR0;12/11/2012;14/11/2012;100.0;;;18376
GRUPAMENTO;BRTRPLACNOR4;12/07/2007;13/08/2007;0.001;BRTRPLACNOR4;;18376
GRUPAMENTO;BRTRPLACNPR1;12/07/2007;13/08/2007;0.001;BRTRPLACNPR1;;18376
CIS RED CAP;BRCYREACNOR7;11/04/2007;08/08/2007;100.0;BRCCPRACNOR9;;14460
CIS RED CAP;BRCYREACNOR7;11/04/2007;08/08/2007;100.0;BRCYREACNOR7;;14460
DESDOBRAMENTO;BRCYREACNOR7;06/11/2006;07/12/2006;100.0;BRCYREACNOR7;;14460
DESDOBRAMENTO;BRDEXPACNOR1;11/08/2021;11/08/2021;200.0;BRDEXPACNOR1;;16632
DESDOBRAMENTO;BRDEXPACNPR8;11/08/2021;11/08/2021;200.0;BRDEXPACNPR8;;16632
RESG TOTAL RV;BRDASAR01OR6;03/03/2017;03/03/2017;100.0;;;19623
DESDOBRAMENTO;BRDASAACNOR1;01/02/2010;01/02/2010;300.0;BRDASAACNOR1;;19623
DESDOBRAMENTO;BRPNVLACNOR9;20/03/2020;20/03/2020;2900.0;BRPNVLACNOR9;;9342
DESDOBRAMENTO;BRPNVLACNPR6;20/03/2020;20/03/2020;2900.0;BRPNVLACNPR6;;9342
BONIFICACAO;BRPNVLACNOR9;02/04/1996;02/04/1996;28.571428571;BRPNVLACNOR9;;9342
BONIFICACAO;BRPNVLACNPR6;02/04/1996;02/04/1996;28.571428571;BRPNVLACNPR6;;9342
GRUPAMENTO;BRPNVLACNOR9;22/03/1995;22/03/1995;0.001;BRPNVLACNOR9;;9342
GRUPAMENTO;BRPNVLACNPR6;22/03/1995;22/03/1995;0.001;BRPNVLACNPR6;;9342
GRUPAMENTO;BRDMMOACNOR0;30/04/2019;31/05/2019;0.1;BRDMMOACNOR0;;23493
BONIFICACAO;BREALTACNOR4;26/04/2018;02/05/2018;900.0;BREALTACNOR4;;5380
BONIFICACAO;BREALTACNPR1;26/04/2018;02/05/2018;900.0;BREALTACNPR1;;5380
GRUPAMENTO;BREALTACNOR4;31/12/9999;20/12/1991;0.001;BREALTACNOR4;;5380
GRUPAMENTO;BREALTACNPR1;31/12/9999;20/12/1991;0.001;BREALTACNPR1;;5380
GRUPAMENTO;BREALTACPOR9;31/12/9999;20/12/1991;0.001;BREALTACNOR4;;5380
GRUPAMENTO;BREALTACPPR6;31/12/9999;20/12/1991;0.001;BREALTACNPR1;;5380
GRUPAMENTO;BREKTRACNOR0;31/03/2008;02/05/2008;0.0005;BREKTRACNOR0;;17485
GRUPAMENTO;BREKTRACNPR7;31/03/2008;02/05/2008;0.0005;BREKTRACNPR7;;17485
CIS RED CAP;BREKTRACNOR0;31/10/2005;15/12/2005;0.1121524837;BREKTGACNOR3;;17485
CIS RED CAP;BREKTRACNOR0;31/10/2005;15/12/2005;100.0;BREKTRACNOR0;;17485
CIS RED CAP;BREKTRACNPR7;31/10/2005;15/12/2005;0.10664971633;BREKTGACNPR0;;17485
CIS RED CAP;BREKTRACNPR7;31/10/2005;15/12/2005;0.00550276702;BREKTGACNOR3;;17485
CIS RED CAP;BREKTRACNPR7;31/10/2005;15/12/2005;100.0;BREKTRACNPR7;;17485
DESDOBRAMENTO;BREKTRACNOR0;22/12/2000;03/01/2001;103.7623602627;BREKTRACNOR0;;17485
DESDOBRAMENTO;BREKTRACNPR7;22/12/2000;03/01/2001;103.7623602627;BREKTRACNPR7;;17485
GRUPAMENTO;BRLIPRACNOR7;26/10/2007;28/11/2007;0.001;BRLIPRACNOR7;;15784
BONIFICACAO;BRLIPRACNOR7;29/05/1998;19/06/1998;170.0;BREMAEACNPR1;;15784
BONIFICACAO;BRLIPRACNOR7;29/05/1998;19/06/1998;170.0;BRELPLACNPR6;;15784
RESG TOTAL RV;BRELPLACNOR9;26/11/2019;26/11/2019;100.0;;;14176
GRUPAMENTO;BRELPLACNOR9;26/02/2008;31/03/2008;0.004;BRELPLACNOR9;;14176
GRUPAMENTO;BRELPLACNPA2;26/02/2008;31/03/2008;0.004;BRELPLACNPA2;;14176
GRUPAMENTO;BRELPLACNPB0;26/02/2008;31/03/2008;0.004;BRELPLACNPB0;;14176
CIS RED CAP;BRELPLACNOR9;31/12/1997;30/03/1998;100.0;BREBENACNOR0;;14176
CIS RED CAP;BRELPLACNOR9;31/12/1997;30/03/1998;100.0;BREPTEACNOR7;;14176
CIS RED CAP;BRELPLACNOR9;31/12/1997;30/03/1998;100.0;BREMAEACNOR4;;14176
CIS RED CAP;BRELPLACNOR9;31/12/1997;30/03/1998;100.0;BRELPLACNOR9;;14176
CIS RED CAP;BRELPLACNPR6;31/12/1997;30/03/1998;100.0;BREBENACNPR7;;14176
CIS RED CAP;BRELPLACNPR6;31/12/1997;30/03/1998;100.0;BREPTEACNPR4;;14176
CIS RED CAP;BRELPLACNPR6;31/12/1997;30/03/1998;100.0;BREMAEACNPR1;;14176
CIS RED CAP;BRELPLACNPR6;31/12/1997;30/03/1998;100.0;BRELPLACNPR6;;14176
GRUPAMENTO;BREMAEACNOR4;26/07/2007;31/08/2007;0.001;BREMAEACNOR4;;16993
GRUPAMENTO;BREMAEACNPR1;26/07/2007;31/08/2007;0.001;BREMAEACNPR1;;16993
INCORPORACAO;BREMBRACNOR4;31/03/2006;02/06/2006;100.0;BREMBRACNOR4;;20087
INCORPORACAO;BREMBRACNPR1;31/03/2006;02/06/2006;100.0;BREMBRACNOR4;;20087
BONIFICACAO;BREMBRACNOR4;01/03/2002;01/03/2002;14.2106;BREMBRA01PR2;;20087
BONIFICACAO;BREMBRACNPR1;01/03/2002;01/03/2002;14.2106;BREMBRA01PR2;;20087
GRUPAMENTO;BREMBRACNOR4;30/04/1999;04/06/1999;0.01;BREMBRACNOR4;;20087
GRUPAMENTO;BREMBRACNPA7;30/04/1999;04/06/1999;0.01;BREMBRACNPR1;;20087
GRUPAMENTO;BRECPRACNOR5;11/08/2007;15/08/2007;0.001;BRECPRACNOR5;;16497
GRUPAMENTO;BRECPRACNPR2;11/08/2007;15/08/2007;0.001;BRECPRACNPR2;;16497
DESDOBRAMENTO;BRENGIACNOR0;21/10/2009;21/10/2009;400.0;BRENGIACNOR0;;15253
DESDOBRAMENTO;BRENGIACNPR7;21/10/2009;21/10/2009;400.0;BRENGIACNPR7;;15253
DESDOBRAMENTO;BRENEVACNOR8;11/03/2021;11/03/2021;300.0;BRENEVACNOR8;;21237
GRUPAMENTO;BRENEVACNOR8;07/04/2016;11/05/2016;0.01;BRENEVACNOR8;;21237
BONIFICACAO;BREGIEACNOR9;07/12/2018;11/12/2018;25.0;BREGIEACNOR9;;17329
DESDOBRAMENTO;BREQTLACNOR0;27/11/2019;27/11/2019;400.0;BREQTLACNOR0;;20010
CIS RED CAP;BREQTLACNOR0;29/04/2010;24/08/2010;100.0;BRRDTRACNOR7;;20010
CIS RED CAP;BREQTLACNOR0;29/04/2010;24/08/2010;100.0;BREQTLACNOR0;;20010
GRUPAMENTO;BREQTLACNOR0;12/02/2008;04/04/2008;0.3333333334;BREQTLACNOR0;;20010
GRUPAMENTO;BRETERACNOR3;27/09/2018;26/10/2018;0.16666666667;BRETERACNOR3;;5762
DESDOBRAMENTO;BRETERACNOR3;24/09/2014;25/09/2014;100.0;BRETERACNOR3;;5762
BONIFICACAO;BRETERACNOR3;25/04/2007;25/04/2007;5.0;BRETERACNOR3;;5762
GRUPAMENTO;BREUCAACNOR1;26/07/2007;26/07/2007;0.1;BREUCAACNOR1;;5770
GRUPAMENTO;BREUCAACNPR8;26/07/2007;26/07/2007;0.1;BREUCAACNPR8;;5770
BONIFICACAO;BREUCAACPOR6;01/07/1987;17/07/1987;1900.0;BREUCAACPOR6;;5770
BONIFICACAO;BREUCAACPPR3;01/07/1987;17/07/1987;1900.0;BREUCAACPPR3;;5770
BONIFICACAO;BREUCAACNOR1;01/07/1987;03/07/1987;1900.0;BREUCAACNOR1;;5770
BONIFICACAO;BREUCAACNPR8;01/07/1987;03/07/1987;1900.0;BREUCAACNPR8;;5770
BONIFICACAO;BREZTCACNOR0;26/04/2019;26/04/2019;21.2108114007;BREZTCACNOR0;;20770
GRUPAMENTO;BRVSPTACNOR1;28/04/2017;20/10/2017;3e-07;BRVSPTACNOR1;;15369
GRUPAMENTO;BRVSPTACNPR8;28/04/2017;20/10/2017;3e-07;BRVSPTACNPR8;;15369
BONIFICACAO;BRCRIVACNOR4;28/08/1989;28/08/1989;400.0;BRCRIVACNOR4;;3891
BONIFICACAO;BRCRIVACNPR1;28/08/1989;28/08/1989;400.0;BRCRIVACNPR1;;3891
GRUPAMENTO;BRFNCNACNOR6;28/04/2005;03/06/2005;0.005;BRFNCNACNOR6;;6076
BONIFICACAO;BRFNCNACNOR6;12/04/1988;12/04/1988;200.0;BRFNCNACNOR6;;6076
DESDOBRAMENTO;BRFLRYACNOR5;26/06/2017;26/06/2017;100.0;BRFLRYACNOR5;;21881
BONIFICACAO;BRFRASACNOR0;14/04/2014;14/04/2014;25.0;BRFRASACNOR0;;6211
GRUPAMENTO;BRFRASACNOR0;29/04/2004;29/04/2004;0.001;BRFRASACNOR0;;6211
GRUPAMENTO;BRFRASACNPR7;29/04/2004;29/04/2004;0.001;BRFRASACNPR7;;6211
REST CAP ACOES;BRGFSAACNOR3;24/04/2017;27/04/2017;100.0;BRTENDACNOR4;;16101
GRUPAMENTO;BRGFSAACNOR3;20/02/2017;22/03/2017;0.07416734322;BRGFSAACNOR3;;16101
DESDOBRAMENTO;BRGFSAACNOR3;22/02/2010;22/02/2010;100.0;BRGFSAACNOR3;;16101
GRUPAMENTO;BRGSHPACNOR7;11/12/2019;10/01/2020;0.02777777778;BRGSHPACNOR7;;21008
BONIFICACAO;BRGSHPACNOR7;26/03/2019;26/03/2019;100.0;BRGSHPR01OR2;;21008
BONIFICACAO;BRGGBRACNOR1;30/05/2008;12/06/2008;100.0;BRGGBRACNOR1;;3980
BONIFICACAO;BRGGBRACNPR8;30/05/2008;12/06/2008;100.0;BRGGBRACNPR8;;3980
GRUPAMENTO;BRGGBRACNOR1;30/04/2003;30/04/2003;0.001;BRGGBRACNOR1;;3980
GRUPAMENTO;BRGGBRACNPR8;30/04/2003;30/04/2003;0.001;BRGGBRACNPR8;;3980
RESG TOTAL RV;BRGOLLARNPB6;24/03/2021;04/06/2021;100.0;;;19569
RESG TOTAL RV;BRGOLLARNPC4;24/03/2021;04/06/2021;100.0;;;19569
BONIFICACAO;BRGPIVBDR003;19/03/2010;30/04/2010;4.032485;BRGPIVBDR003;;80020
DESDOBRAMENTO;BRGPIVBDR003;07/04/2008;07/04/2008;300.0;BRGPIVBDR003;;80020
DESDOBRAMENTO;BRCGRAACNOR2;24/09/2008;24/09/2008;400.0;BRCGRAACNOR2;;4537
DESDOBRAMENTO;BRCGRAACNPR9;24/09/2008;24/09/2008;400.0;BRCGRAACNPR9;;4537
GRUPAMENTO;BRCGRAACNOR2;30/04/2004;30/04/2004;0.01;BRCGRAACNOR2;;4537
GRUPAMENTO;BRCGRAACNPR9;30/04/2004;30/04/2004;0.01;BRCGRAACNPR9;;4537
BONIFICACAO;BRCGRAACPOR7;28/11/1985;09/01/1986;400.0;BRCGRAACPOR7;;4537
BONIFICACAO;BRCGRAACPPR4;28/11/1985;09/01/1986;400.0;BRCGRAACPPR4;;4537
BONIFICACAO;BRCGRAACNOR2;28/11/1985;10/12/1985;400.0;BRCGRAACNOR2;;4537
BONIFICACAO;BRCGRAACNPR9;28/11/1985;10/12/1985;400.0;BRCGRAACNPR9;;4537
DESDOBRAMENTO;BRGRNDACNOR3;23/04/2018;30/05/2018;200.0;BRGRNDACNOR3;;19615
DESDOBRAMENTO;BRGUARACNOR4;30/04/2019;30/04/2019;700.0;BRGUARACNOR4;;4669
GRUPAMENTO;BRGUARACNOR4;24/04/1987;29/07/1988;0.001;BRGUARACNOR4;;4669
GRUPAMENTO;BRGUARACNPR1;24/04/1987;29/07/1988;0.001;BRGUARACNPR1;;4669
GRUPAMENTO;BRGUARACPOR9;24/04/1987;29/07/1988;0.001;BRGUARACPOR9;;4669
GRUPAMENTO;BRGUARACPPR6;24/04/1987;29/07/1988;0.001;BRGUARACPPR6;;4669
BONIFICACAO;BRGUARACPOR9;11/04/1986;02/07/1986;100.0;BRGUARACPPR6;;4669
GRUPAMENTO;BRHAGAACNOR7;30/04/2009;17/06/2009;0.01;BRHAGAACNOR7;;13366
GRUPAMENTO;BRHAGAACNPR4;30/04/2009;17/06/2009;0.01;BRHAGAACNPR4;;13366
DESDOBRAMENTO;BRHAPVACNOR4;19/11/2020;24/11/2020;400.0;BRHAPVACNOR4;;24392
GRUPAMENTO;BRHBORACNOR3;10/07/2020;12/08/2020;0.2;BRHBORACNOR3;;20877
BONIFICACAO;BRHBORACNOR3;19/04/2013;19/04/2013;30.0;BRHBORACNOR3;;20877
DESDOBRAMENTO;BRHBORACNOR3;16/04/2012;20/04/2012;200.0;BRHBORACNOR3;;20877
GRUPAMENTO;BRHETAACNOR2;28/08/2015;09/10/2015;0.03333333334;BRHETAACNOR2;;6629
GRUPAMENTO;BRHETAACNPR9;28/08/2015;09/10/2015;0.03333333334;BRHETAACNPR9;;6629
BONIFICACAO;BRHETAACNOR2;13/07/1992;13/07/1992;9900.0;BRHETAACNOR2;;6629
BONIFICACAO;BRHETAACNPR9;13/07/1992;13/07/1992;9900.0;BRHETAACNPR9;;6629
DESDOBRAMENTO;BRMATDACNOR4;19/03/2021;08/04/2021;150.0;BRMATDACNOR4;;25690
GRUPAMENTO;BRHOOTACNOR2;12/08/2015;12/08/2015;0.1;BRHOOTACNOR2;;6700
GRUPAMENTO;BRHOOTACNPR9;12/08/2015;12/08/2015;0.1;BRHOOTACNPR9;;6700
BONIFICACAO;BRHOOTACEOR1;29/04/1987;28/05/1987;37900.0;BRHOOTACEOR1;;6700
BONIFICACAO;BRHOOTACPPR4;29/04/1987;28/05/1987;37900.0;BRHOOTACPPR4;;6700
BONIFICACAO;BRHOOTACNOR2;29/04/1987;18/05/1987;37900.0;BRHOOTACNOR2;;6700
BONIFICACAO;BRHOOTACNPR9;29/04/1987;18/05/1987;37900.0;BRHOOTACNPR9;;6700
DESDOBRAMENTO;BRGRAOACNOR7;15/07/2021;28/07/2021;7900.0;BRGRAOACNOR7;;25933
DESDOBRAMENTO;BRHYPEACNOR0;30/12/2009;30/12/2009;100.0;BRHYPEACNOR0;;21431
DESDOBRAMENTO;BRIGBRACNOR7;21/10/2021;19/11/2021;9900.0;BRIGBRACNOR7;;6815
GRUPAMENTO;BRIGBRACNOR7;21/10/2021;19/11/2021;0.001;BRIGBRACNOR7;;6815
BONIFICACAO;BRIGBRACNOR7;28/04/1989;28/04/1989;900.0;BRIGBRACNOR7;;6815
BONIFICACAO;BRIGBRACNPR4;28/04/1989;28/04/1989;900.0;BRIGBRACNPR4;;6815
INCORPORACAO;BRIGTAACNOR5;01/10/2021;19/11/2021;15.964;BRJPSACDAM13;;20494
DESDOBRAMENTO;BRIGTAACNOR5;17/10/2012;17/10/2012;100.0;BRIGTAACNOR5;;20494
DESDOBRAMENTO;BRIGTIACNOR8;20/12/2021;23/12/2021;900.0;BRIGTIACNOR8;;8672
DESDOBRAMENTO;BRIGTIACNPR5;20/12/2021;23/12/2021;900.0;BRIGTIACNPR5;;8672
DESDOBRAMENTO;BRIGTICDAM16;20/12/2021;23/12/2021;900.0;BRIGTICDAM16;;8672
DESDOBRAMENTO;BRINEPACNOR1;21/07/2021;21/07/2021;1900.0;BRINEPACNOR1;;7595
DESDOBRAMENTO;BRINEPACNPR8;21/07/2021;21/07/2021;1900.0;BRINEPACNPR8;;7595
GRUPAMENTO;BRINEPACNOR1;29/04/2016;02/06/2016;0.05;BRINEPACNOR1;;7595
GRUPAMENTO;BRINEPACNPR8;29/04/2016;02/06/2016;0.05;BRINEPACNPR8;;7595
BONIFICACAO;BRINEPACNOR1;09/04/1999;09/04/1999;0.003225806;BRIENGACNPA3;;7595
BONIFICACAO;BRINEPACNOR1;09/04/1999;09/04/1999;0.004;BRINFMACNPR2;;7595
BONIFICACAO;BRINEPACNPR8;09/04/1999;09/04/1999;0.003225806;BRIENGACNPA3;;7595
BONIFICACAO;BRINEPACNPR8;09/04/1999;09/04/1999;0.004;BRINFMACNPR2;;7595
BONIFICACAO;BRINNTACNOR4;29/04/2019;10/05/2019;150.0;BRINNTACNOR4;;24279
BONIFICACAO;BRFIGEACNOR6;24/04/2001;24/04/2001;79.0;BRFIGEACNPR3;;6041
BONIFICACAO;BRFIGEACNPR3;24/04/2001;24/04/2001;79.0;BRFIGEACNPR3;;6041
DESDOBRAMENTO;BRMYPKACNOR7;27/04/2010;27/04/2010;100.0;BRMYPKACNOR7;;11932
GRUPAMENTO;BRMYPKACNOR7;21/03/2005;22/04/2005;0.02;BRMYPKACNOR7;;11932
GRUPAMENTO;BRMYPKACNPR4;21/03/2005;22/04/2005;0.02;BRMYPKACNPR4;;11932
CIS RED CAP;BRMYPKACNOR7;18/12/2000;18/12/2000;100.0;BRRFPRACNOR0;;11932
CIS RED CAP;BRMYPKACNOR7;18/12/2000;18/12/2000;100.0;BRMYPKACNOR7;;11932
CIS RED CAP;BRMYPKACNPR4;18/12/2000;18/12/2000;100.0;BRRFPRACNPA3;;11932
CIS RED CAP;BRMYPKACNPR4;18/12/2000;18/12/2000;100.0;BRMYPKACNPR4;;11932
DESDOBRAMENTO;BRRANIACNOR5;19/04/2012;19/04/2012;1900.0;BRRANIACNOR5;;2429
DESDOBRAMENTO;BRRANIACNPR2;19/04/2012;19/04/2012;1900.0;BRRANIACNPR2;;2429
GRUPAMENTO;BRRANIACNOR5;29/03/2005;27/05/2005;0.05;BRRANIACNOR5;;2429
GRUPAMENTO;BRRANIACNPR2;29/03/2005;27/05/2005;0.05;BRRANIACNPR2;;2429
BONIFICACAO;BRRANIACPOR0;31/10/1989;01/11/1989;1000.0;BRRANIACPOR0;;2429
BONIFICACAO;BRRANIACPPR7;31/10/1989;01/11/1989;1000.0;BRRANIACPPR7;;2429
DESDOBRAMENTO;BRIRBRACNOR4;19/09/2019;25/09/2019;200.0;BRIRBRACNOR4;;24180
DESDOBRAMENTO;BRBIXNBDR005;21/06/2021;16/07/2021;500.0;BRBIXNBDR005;;79332
DESDOBRAMENTO;BRBIAUBDR008;26/05/2021;27/05/2021;100.0;BRBIAUBDR008;;79006
GRUPAMENTO;BRBIAUBDR008;21/05/2021;21/05/2021;0.5;BRBIAUBDR008;;79006
DESDOBRAMENTO;BRBIHIBDR008;21/06/2021;16/07/2021;500.0;BRBIHIBDR008;;79529
DESDOBRAMENTO;BRBAERBDR003;04/12/2020;04/12/2020;100.0;BRBAERBDR003;;79138
DESDOBRAMENTO;BRBIYFBDR009;04/12/2020;04/12/2020;100.0;BRBIYFBDR009;;79219
DESDOBRAMENTO;BRBIYWBDR004;04/12/2020;04/12/2020;300.0;BRBIYWBDR004;;79197
CIS RED CAP;BRITUBACNOR4;31/01/2021;01/10/2021;100.0;BRXPARACNOR9;;19348
CIS RED CAP;BRITUBACNOR4;31/01/2021;01/10/2021;100.0;BRITUBACNOR4;;19348
CIS RED CAP;BRITUBACNPR1;31/01/2021;01/10/2021;100.0;BRXPARACNPR6;;19348
CIS RED CAP;BRITUBACNPR1;31/01/2021;01/10/2021;100.0;BRITUBACNPR1;;19348
DESDOBRAMENTO;BRITUBACNOR4;27/07/2018;19/11/2018;50.0;BRITUBACNOR4;;19348
DESDOBRAMENTO;BRITUBACNPR1;27/07/2018;19/11/2018;50.0;BRITUBACNPR1;;19348
BONIFICACAO;BRITUBACNOR4;14/09/2016;17/10/2016;10.0;BRITUBACNOR4;;19348
BONIFICACAO;BRITUBACNPR1;14/09/2016;17/10/2016;10.0;BRITUBACNPR1;;19348
GRUPAMENTO;BRITUBACNOR4;25/04/2011;31/10/2011;0.01;BRITUBACNOR4;;19348
GRUPAMENTO;BRITUBACNPR1;25/04/2011;31/10/2011;0.01;BRITUBACNPR1;;19348
BONIFICACAO;BRITSAACNOR0;13/12/2021;20/12/2021;5.0;BRITSAACNOR0;;7617
BONIFICACAO;BRITSAACNPR7;13/12/2021;20/12/2021;5.0;BRITSAACNPR7;;7617
RESG TOTAL RV;BRITSAR14OR8;06/07/2012;06/07/2012;100.0;;;7617
RESG TOTAL RV;BRITSAR14PR5;06/07/2012;06/07/2012;100.0;;;7617
GRUPAMENTO;BRJFENACNOR0;28/03/2018;04/04/2018;0.1;BRJFENACNOR0;;7811
BONIFICACAO;BRJFENACNOR0;30/04/2007;30/04/2007;6.0;BRJFENACNOR0;;7811
GRUPAMENTO;BRJOPAACNOR5;31/01/1995;24/02/1995;0.01;BRJOPAACNOR5;;13285
GRUPAMENTO;BRJOPAACNPR2;31/01/1995;24/02/1995;0.01;BRJOPAACNPR2;;13285
BONIFICACAO;BRJOPAACPOR0;30/10/1990;22/01/1991;3100.0;BRJOPAACNOR5;;13285
INCORPORACAO;BRJSLGACNOR2;05/08/2020;17/09/2020;100.0;BRSIMHACNOR0;;22020
DESDOBRAMENTO;BRKEPLACNOR1;05/05/2022;05/05/2022;200.0;BRKEPLACNOR1;;7870
GRUPAMENTO;BRKEPLACNOR1;26/07/2012;27/08/2012;0.02;BRKEPLACNOR1;;7870
BONIFICACAO;BRKEPLACPPR3;06/09/1989;18/09/1989;900.0;BRKEPLACPPR3;;7870
BONIFICACAO;BRKEPLACNOR1;06/09/1989;14/09/1989;900.0;BRKEPLACNOR1;;7870
BONIFICACAO;BRKEPLACNPR8;06/09/1989;14/09/1989;900.0;BRKEPLACNPR8;;7870
DESDOBRAMENTO;BRKLBNACNOR2;20/03/2014;24/03/2014;400.0;BRKLBNACNOR2;;12653
DESDOBRAMENTO;BRKLBNACNPR9;20/03/2014;24/03/2014;400.0;BRKLBNACNPR9;;12653
DESDOBRAMENTO;BRKLBNCDAM18;20/03/2014;24/03/2014;400.0;BRKLBNCDAM18;;12653
DESDOBRAMENTO;BRLIGTACNOR2;29/04/2021;25/06/2021;9900.0;BRLIGTACNOR2;;19879
GRUPAMENTO;BRLIGTACNOR2;29/04/2021;25/06/2021;0.01;BRLIGTACNOR2;;19879
INCORPORACAO;BRLIGHACNOR7;13/01/2006;21/02/2006;100.0;BRLIGTACNOR2;;8036
BONIFICACAO;BRLIGHACNOR7;14/10/2002;05/11/2002;100.0;BRAELPACNOR2;;8036
CIS RED CAP QTD;BRLTELACNOR1;09/09/2019;04/11/2019;78.111573916;BRLTLAACNOR9;;15091
CIS RED CAP QTD;BRLTELACNOR1;09/09/2019;04/11/2019;78.215674;BRLTELACNOR1;;15091
RESG TOTAL RV;BRLTELARNPC8;05/11/2015;05/11/2015;100.0;;;15091
GRUPAMENTO;BRLTELACNOR1;04/01/2001;04/01/2001;0.1;BRLTELACNOR1;;15091
GRUPAMENTO;BRLTELACNPR8;04/01/2001;04/01/2001;0.1;BRLTELACNPR8;;15091
REST CAP ACOES;BRLTLAACNOR9;14/11/2019;22/01/2020;196.2453319;BRVALEACNOR0;;24759
BONIFICACAO;BRRENTACNOR4;12/12/2019;20/12/2019;5.0;BRRENTACNOR4;;19739
DESDOBRAMENTO;BRRENTACNOR4;22/11/2017;22/11/2017;200.0;BRRENTACNOR4;;19739
DESDOBRAMENTO;BRLWSAACNOR8;26/01/2021;29/01/2021;300.0;BRLWSAACNOR8;;24910
GRUPAMENTO;BRLOGNACNOR3;28/04/2016;01/06/2016;0.2;BRLOGNACNOR3;;20710
BONIFICACAO;BRLRENACNOR1;04/11/2021;04/11/2021;10.0;BRLRENACNOR1;;8133
DESDOBRAMENTO;BRLRENACNOR1;23/09/2015;23/09/2015;400.0;BRLRENACNOR1;;8133
GRUPAMENTO;BRLRENACNOR1;28/06/2005;29/06/2005;0.0039525692;BRLRENACNOR1;;8133
CIS RED CAP;BRLRENACNOR1;30/07/1998;13/11/1998;100.0;BRRNPTACNOR0;;8133
CIS RED CAP;BRLRENACNOR1;30/07/1998;13/11/1998;100.0;BRLRENACNOR1;;8133
CIS RED CAP;BRLRENACNPR8;30/07/1998;13/11/1998;100.0;BRRNPTACNPR7;;8133
CIS RED CAP;BRLRENACNPR8;30/07/1998;13/11/1998;100.0;BRLRENACNPR8;;8133
DESDOBRAMENTO;BRLPSBACNOR0;28/03/2013;28/03/2013;100.0;BRLPSBACNOR0;;20370
GRUPAMENTO;BRLUPAACNOR8;15/05/2015;17/06/2015;0.002;BRLUPAACNOR8;;20060
DESDOBRAMENTO;BRMSROACNOR7;24/07/2020;24/07/2020;1400.0;BRMSROACNOR7;;23612
DESDOBRAMENTO;BRMGLUACNOR2;07/10/2020;13/10/2020;300.0;BRMGLUACNOR2;;22470
GRUPAMENTO;BRMGLUACNOR2;30/09/2015;30/09/2015;0.125;BRMGLUACNOR2;;22470
DESDOBRAMENTO;BRLEVEACNOR2;10/04/2012;14/05/2012;29900.0;BRLEVEACNOR2;;8575
GRUPAMENTO;BRLEVEACNOR2;10/04/2012;14/05/2012;0.01;BRLEVEACNOR2;;8575
BONIFICACAO;BRLEVEACNOR2;28/04/1992;28/04/1992;20.0;BRLEVEACNOR2;;8575
BONIFICACAO;BRLEVEACNOR2;28/04/1992;28/04/1992;1080.0;BRLEVEACNOR2;;8575
BONIFICACAO;BRLEVEACNPR9;28/04/1992;28/04/1992;20.0;BRLEVEACNPR9;;8575
BONIFICACAO;BRLEVEACNPR9;28/04/1992;28/04/1992;1080.0;BRLEVEACNPR9;;8575
GRUPAMENTO;BRMGELACNOR6;29/04/2016;31/05/2016;0.33333333334;BRMGELACNOR6;;8397
GRUPAMENTO;BRMGELACNPR3;29/04/2016;31/05/2016;0.33333333334;BRMGELACNPR3;;8397
DESDOBRAMENTO;BRMGELACNOR6;30/04/2008;30/04/2008;100.0;BRMGELACNOR6;;8397
DESDOBRAMENTO;BRMGELACNPR3;30/04/2008;30/04/2008;100.0;BRMGELACNPR3;;8397
BONIFICACAO;BRMGELACNOR6;29/04/1994;29/04/1994;1900.0;BRMGELACNOR6;;8397
BONIFICACAO;BRMGELACNPR3;29/04/1994;29/04/1994;1900.0;BRMGELACNPR3;;8397
GRUPAMENTO;BRESTRACNOR3;27/04/2017;31/05/2017;0.05;BRESTRACNOR3;;8427
GRUPAMENTO;BRESTRACNPR0;27/04/2017;31/05/2017;0.05;BRESTRACNPR0;;8427
BONIFICACAO;BRESTRACNOR3;30/04/1992;30/04/1992;1100.0;BRESTRACNOR3;;8427
BONIFICACAO;BRESTRACNPR0;30/04/1992;30/04/1992;1100.0;BRESTRACNPR0;;8427
BONIFICACAO;BRPOMOACNOR0;05/08/2013;05/08/2013;100.0;BRPOMOACNOR0;;8451
BONIFICACAO;BRPOMOACNPR7;05/08/2013;05/08/2013;100.0;BRPOMOACNPR7;;8451
GRUPAMENTO;BRPOMOACNOR0;28/04/1998;08/05/1998;0.1;BRPOMOACNOR0;;8451
GRUPAMENTO;BRPOMOACNPR7;28/04/1998;08/05/1998;0.1;BRPOMOACNPR7;;8451
BONIFICACAO;BRAMARACNOR4;21/08/2015;25/08/2015;10.0;BRAMARACNOR4;;22055
DESDOBRAMENTO;BRCASHACNOR8;03/09/2021;09/09/2021;500.0;BRCASHACNOR8;;25232
GRUPAMENTO;BRMERCACNOR2;30/11/2007;24/01/2008;0.1;BRMERCACNOR2;;8540
GRUPAMENTO;BRMERCACNPR9;30/11/2007;24/01/2008;0.1;BRMERCACNPR9;;8540
BONIFICACAO;BRMERCACNOR2;02/07/1987;14/07/1987;99900.0;BRMERCACNOR2;;8540
BONIFICACAO;BRMERCACNPR9;02/07/1987;14/07/1987;99900.0;BRMERCACNPR9;;8540
RESG TOTAL RV;BRFRIOR02OR5;20/09/2017;21/09/2017;100.0;;;20613
GRUPAMENTO;BRFRIOACNOR2;17/04/2017;18/05/2017;0.06666666667;BRFRIOACNOR2;;20613
GRUPAMENTO;BRMTIGACNOR0;27/04/2016;27/04/2016;0.03333333334;BRMTIGACNOR0;;8605
GRUPAMENTO;BRMTIGACNPR7;27/04/2016;27/04/2016;0.03333333334;BRMTIGACNPR7;;8605
BONIFICACAO;BRMTIGACPOR5;27/02/1987;10/06/1988;99900.0;BRMTIGACPOR5;;8605
BONIFICACAO;BRMTIGACPPR2;27/02/1987;10/06/1988;99900.0;BRMTIGACPPR2;;8605
BONIFICACAO;BRGOAUACNOR1;30/05/2008;12/06/2008;100.0;BRGOAUACNOR1;;8656
BONIFICACAO;BRGOAUACNPR8;30/05/2008;12/06/2008;100.0;BRGOAUACNPR8;;8656
DESDOBRAMENTO;BRGOAUACNOR1;30/04/2004;30/04/2004;70.0;BRGOAUACNOR1;;8656
DESDOBRAMENTO;BRGOAUACNPR8;30/04/2004;30/04/2004;70.0;BRGOAUACNPR8;;8656
GRUPAMENTO;BRGOAUACNOR1;30/04/2003;30/04/2003;0.001;BRGOAUACNOR1;;8656
GRUPAMENTO;BRGOAUACNPR8;30/04/2003;30/04/2003;0.001;BRGOAUACNPR8;;8656
DESDOBRAMENTO;BRRSULACNOR6;26/08/2021;31/08/2021;900.0;BRRSULACNOR6;;13439
DESDOBRAMENTO;BRRSULACNPR3;26/08/2021;31/08/2021;900.0;BRRSULACNPR3;;13439
GRUPAMENTO;BRRSULACNOR6;28/04/2006;05/06/2006;0.001;BRRSULACNOR6;;13439
GRUPAMENTO;BRRSULACNPR3;28/04/2006;05/06/2006;0.001;BRRSULACNPR3;;13439
GRUPAMENTO;BRMTSAACNOR2;17/04/2007;17/04/2007;0.01;BRMTSAACNOR2;;8753
GRUPAMENTO;BRMTSAACNPR9;17/04/2007;17/04/2007;0.01;BRMTSAACNPR9;;8753
BONIFICACAO;BRMTSAACPOR7;27/10/1989;30/10/1989;900.0;BRMTSAACPOR7;;8753
BONIFICACAO;BRMTSAACPPR4;27/10/1989;30/10/1989;900.0;BRMTSAACPPR4;;8753
GRUPAMENTO;BRMMAQACNOR1;14/01/1988;14/01/1988;0.001;BRMMAQACNOR1;;8818
GRUPAMENTO;BRMMAQACNPR8;14/01/1988;14/01/1988;0.001;BRMMAQACNPR8;;8818
BONIFICACAO;BRMMAQACNOR1;01/12/1978;01/12/1978;50.0;BRMMAQACNOR1;;8818
BONIFICACAO;BRMMAQACNPR8;01/12/1978;01/12/1978;50.0;BRMMAQACNPR8;;8818
BONIFICACAO;BRBEEFR02OR9;22/10/2009;22/10/2009;100.0;BRBEEFN01OR0;;20931
GRUPAMENTO;BRMNPRACNOR5;03/06/2016;03/06/2016;0.01;BRMNPRACNOR5;;13765
DESDOBRAMENTO;BRMNPRACNOR5;05/04/2010;06/04/2010;200.0;BRMNPRACNOR5;;13765
BONIFICACAO;BRMNPRA0NOR6;20/01/1995;20/01/1995;100.0;BRMNPRA0NOR6;;13765
BONIFICACAO;BRMNPRA0NPR3;20/01/1995;20/01/1995;100.0;BRMNPRA0NPR3;;13765
BONIFICACAO;BRMNPRACNOR5;20/01/1995;20/01/1995;100.0;BRMNPRA0NOR6;;13765
BONIFICACAO;BRMNPRACNPR2;20/01/1995;20/01/1995;100.0;BRMNPRA0NPR3;;13765
GRUPAMENTO;BRMMXMACNOR2;29/04/2016;29/04/2016;0.04;BRMMXMACNOR2;;17914
CIS RED CAP;BRMMXMACNOR2;19/06/2008;25/07/2008;100.0;BRLLXLACNOR8;;17914
CIS RED CAP;BRMMXMACNOR2;19/06/2008;25/07/2008;100.0;BRIRONACNOR6;;17914
CIS RED CAP;BRMMXMACNOR2;19/06/2008;25/07/2008;100.0;BRMMXMACNOR2;;17914
DESDOBRAMENTO;BRMMXMACNOR2;07/04/2008;07/04/2008;1900.0;BRMMXMACNOR2;;17914
REST CAP ACOES;BRMOARACNOR5;30/11/2021;17/12/2021;155.8938921;BRKLBNCDAM18;;8893
GRUPAMENTO;BRMOARACNOR5;30/06/2005;30/06/2005;0.001;BRMOARACNOR5;;8893
BONIFICACAO;BRMOARACNOR5;08/11/1995;28/11/1995;0.44970425;BRKLABACNPR6;;8893
CIS RED CAP;BRMRVEACNOR2;12/12/2018;20/12/2018;7.215075382;BRLOGGACNOR7;;20915
CIS RED CAP;BRMRVEACNOR2;12/12/2018;20/12/2018;100.0;BRMRVEACNOR2;;20915
DESDOBRAMENTO;BRMRVEACNOR2;17/12/2009;17/12/2009;200.0;BRMRVEACNOR2;;20915
DESDOBRAMENTO;BRMULTACNOR5;20/07/2018;20/07/2018;200.0;BRMULTACNOR5;;20982
GRUPAMENTO;BRMNDLACNOR4;22/03/2013;03/05/2013;0.00833333334;BRMNDLACNOR4;;5312
DESDOBRAMENTO;BRMNDLACNOR4;27/05/2011;27/05/2011;500.0;BRMNDLACNOR4;;5312
DESDOBRAMENTO;BRMNDLACNPR1;27/05/2011;27/05/2011;500.0;BRMNDLACNPR1;;5312
INCORPORACAO;BRNATUACNOR6;16/12/2019;17/12/2019;100.0;BRNTCOACNOR5;;19550
BONIFICACAO;BRNATUACNOR6;17/09/2019;17/09/2019;100.0;BRNATUACNOR6;;19550
DESDOBRAMENTO;BRNATUACNOR6;29/03/2006;30/03/2006;400.0;BRNATUACNOR6;;19550
GRUPAMENTO;BRNEOEACNOR3;26/10/2017;03/11/2017;0.13324875691;BRNEOEACNOR3;;15539
GRUPAMENTO;BRNUTRACNOR0;20/08/2015;20/08/2015;0.01;BRNUTRACNOR0;;21334
DESDOBRAMENTO;BRODPVACNOR4;04/04/2022;04/04/2022;10.0;BRODPVACNOR4;;20125
GRUPAMENTO;BROIBRACNOR1;18/11/2014;19/12/2014;0.1;BROIBRACNOR1;;11312
GRUPAMENTO;BROIBRACNPR8;18/11/2014;19/12/2014;0.1;BROIBRACNPR8;;11312
BONIFICACAO;BROIBRACNOR1;21/03/2013;21/03/2013;100.0;BROIBRARNPB0;;11312
BONIFICACAO;BROIBRACNPR8;21/03/2013;21/03/2013;100.0;BROIBRARNPC8;;11312
RESG TOTAL RV;BROIBRARNPB0;21/03/2013;21/03/2013;100.0;;;11312
RESG TOTAL RV;BROIBRARNPC8;21/03/2013;21/03/2013;100.0;;;11312
GRUPAMENTO;BROSXBACNOR8;09/05/2016;09/05/2016;0.01;BROSXBACNOR8;;21342
DESDOBRAMENTO;BROSXBACNOR8;31/10/2011;31/10/2011;2400.0;BROSXBACNOR8;;21342
BONIFICACAO;BRPATIACNOR6;03/08/2021;03/08/2021;30.9943639137;BRPATIACNOR6;;94
BONIFICACAO;BRPATIACNPR3;03/08/2021;03/08/2021;30.9943639137;BRPATIACNPR3;;94
RESG TOTAL RV;BRPATIR12OR8;01/10/2014;01/10/2014;100.0;;;94
GRUPAMENTO;BRPATIACNOR6;28/06/2005;30/09/2005;0.025;BRPATIACNOR6;;94
GRUPAMENTO;BRPATIACNPR3;28/06/2005;30/09/2005;0.025;BRPATIACNPR3;;94
GRUPAMENTO;BRPMAMACNOR3;29/03/2019;30/04/2019;0.05882352942;BRPMAMACNOR3;;9393
CIS RED CAP;BRPMAMACNOR3;21/09/1999;21/09/1999;7e-09;BRCPMAACNOR4;;9393
CIS RED CAP;BRPMAMACNOR3;21/09/1999;21/09/1999;100.0;BRPMAMACNOR3;;9393
CIS RED CAP;BRPMAMACNPR0;21/09/1999;21/09/1999;7e-09;BRCPMAACNOR4;;9393
CIS RED CAP;BRPMAMACNPR0;21/09/1999;21/09/1999;100.0;BRPMAMACNPR0;;9393
BONIFICACAO;BRPMAMACPOR8;18/05/1989;09/06/1989;200.0;BRPMAMACPOR8;;9393
BONIFICACAO;BRPMAMACPOR8;18/05/1989;09/06/1989;150.0;BRPMAMACPPR5;;9393
BONIFICACAO;BRPMAMACPPR5;18/05/1989;09/06/1989;350.0;BRPMAMACPPR5;;9393
BONIFICACAO;BRPMAMACNOR3;18/05/1989;24/05/1989;200.0;BRPMAMACNOR3;;9393
BONIFICACAO;BRPMAMACNOR3;18/05/1989;24/05/1989;150.0;BRPMAMACNPR0;;9393
BONIFICACAO;BRPMAMACNPR0;18/05/1989;24/05/1989;350.0;BRPMAMACNPR0;;9393
BONIFICACAO;BRPTBLACNOR8;07/04/1997;07/04/1997;500.0;BRPTBLACNOR8;;13773
BONIFICACAO;BRPTBLACNPR5;07/04/1997;07/04/1997;500.0;BRPTBLACNPR5;;13773
GRUPAMENTO;BRPTBLACNOR8;26/04/1994;28/06/1994;0.001;BRPTBLACNOR8;;13773
GRUPAMENTO;BRPTBLACNPR5;26/04/1994;28/06/1994;0.001;BRPTBLACNPR5;;13773
GRUPAMENTO;BRPDGRACNOR8;12/12/2018;11/01/2019;0.1;BRPDGRACNOR8;;20478
DESDOBRAMENTO;BRPDGRACNOR8;04/11/2010;04/11/2010;100.0;BRPDGRACNOR8;;20478
DESDOBRAMENTO;BRPRIOACNOR1;03/05/2021;05/05/2021;400.0;BRPRIOACNOR1;;22187
GRUPAMENTO;BRPRIOACNOR1;29/04/2016;10/06/2016;0.2;BRPRIOACNOR1;;22187
DESDOBRAMENTO;BRPETRACNOR9;25/04/2008;25/04/2008;100.0;BRPETRACNOR9;;9512
DESDOBRAMENTO;BRPETRACNPR6;25/04/2008;25/04/2008;100.0;BRPETRACNPR6;;9512
GRUPAMENTO;BRPETRACNOR9;23/05/2000;21/06/2000;0.01;BRPETRACNOR9;;9512
GRUPAMENTO;BRPETRACNPR6;23/05/2000;21/06/2000;0.01;BRPETRACNPR6;;9512
BONIFICACAO;BRPETRACNOR9;25/03/1994;25/03/1994;33.333333333;BRPETRACNOR9;;9512
BONIFICACAO;BRPETRACNPR6;25/03/1994;25/03/1994;33.333333333;BRPETRACNPR6;;9512
DESDOBRAMENTO;BRPTNTACNOR6;13/01/2011;13/01/2011;300.0;BRPTNTACNOR6;;9539
DESDOBRAMENTO;BRPTNTACNPR3;13/01/2011;13/01/2011;300.0;BRPTNTACNPR3;;9539
GRUPAMENTO;BRPTNTACNOR6;23/07/2007;23/07/2007;0.01;BRPTNTACNOR6;;9539
GRUPAMENTO;BRPTNTACNPR3;23/07/2007;23/07/2007;0.01;BRPTNTACNPR3;;9539
BONIFICACAO;BRPTNTACPPR8;31/08/1989;05/09/1989;1900.0;BRPTNTACPPR8;;9539
BONIFICACAO;BRPTNTACNOR6;31/08/1989;31/08/1989;1900.0;BRPTNTACNOR6;;9539
BONIFICACAO;BRPTNTACNPR3;31/08/1989;31/08/1989;1900.0;BRPTNTACNPR3;;9539
GRUPAMENTO;BRPLASACNOR2;15/09/2015;15/09/2015;0.02;BRPLASACNOR2;;13471
BONIFICACAO;BRPPARACNOR5;26/09/2007;26/11/2007;175.11;BRSZPQACNOR8;;13447
BONIFICACAO;BRPPARACNOR5;26/09/2007;26/11/2007;853.112;BRSZPQACNPR5;;13447
GRUPAMENTO;BRPPARACNOR5;26/04/2007;30/05/2007;0.001;BRPPARACNOR5;;13447
GRUPAMENTO;BRFRTAACNOR8;02/05/2019;02/07/2019;0.16666666667;BRFRTAACNOR8;;19658
BONIFICACAO;BRPSSAACNOR7;20/10/2021;20/10/2021;100.0;BRPSSAACNOR7;;16659
DESDOBRAMENTO;BRPSSAACNOR7;28/03/2008;28/03/2008;200.0;BRPSSAACNOR7;;16659
GRUPAMENTO;BRPPLABDR002;14/02/2020;17/03/2020;0.03333333334;BRPPLABDR002;;80152
GRUPAMENTO;BRPPLABDR010;14/02/2020;17/03/2020;0.03333333334;BRPPLABDR010;;80152
GRUPAMENTO;BRPPLAUNT007;14/02/2020;17/03/2020;0.03333333334;BRPPLAUNT007;;80152
GRUPAMENTO;BRPRNRACNOR4;12/12/2019;27/01/2020;0.16666666667;BRPRNRACNOR4;;24236
DESDOBRAMENTO;BRRADLACNOR0;15/09/2020;18/09/2020;400.0;BRRADLACNOR0;;5258
BONIFICACAO;BRRAPTACNOR7;14/04/2014;14/04/2014;25.0;BRRAPTACNOR7;;14109
BONIFICACAO;BRRAPTACNPR4;14/04/2014;14/04/2014;25.0;BRRAPTACNPR4;;14109
GRUPAMENTO;BRRAPTACNOR7;30/04/2004;30/04/2004;0.001;BRRAPTACNOR7;;14109
GRUPAMENTO;BRRAPTACNPR4;30/04/2004;30/04/2004;0.001;BRRAPTACNPR4;;14109
GRUPAMENTO;BRRCSLACNOR4;24/01/2018;24/01/2018;0.33333333334;BRRCSLACNOR4;;12572
GRUPAMENTO;BRRCSLACNPR1;24/01/2018;24/01/2018;0.33333333334;BRRCSLACNPR1;;12572
DESDOBRAMENTO;BRRCSLACNOR4;30/04/2010;30/04/2010;300.0;BRRCSLACNOR4;;12572
DESDOBRAMENTO;BRRCSLACNPR1;30/04/2010;30/04/2010;300.0;BRRCSLACNPR1;;12572
BONIFICACAO;BRRCSLACNOR4;03/04/1992;03/04/1992;900.0;BRRCSLACNOR4;;12572
BONIFICACAO;BRRCSLACNPR1;03/04/1992;03/04/1992;900.0;BRRCSLACNPR1;;12572
DESDOBRAMENTO;BRREDEACNOR7;25/07/2006;25/07/2006;400.0;BRREDEACNOR7;;3190
DESDOBRAMENTO;BRREDEACNPR4;25/07/2006;25/07/2006;400.0;BRREDEACNPR4;;3190
GRUPAMENTO;BRRPMGACNOR9;27/04/2016;27/04/2016;0.05;BRRPMGACNOR9;;9989
CIS RED CAP;BRRPMGACNOR9;30/10/1997;30/10/1997;100.0;BRGPCPACNOR4;;9989
CIS RED CAP;BRRPMGACNOR9;30/10/1997;30/10/1997;100.0;BRRPMGACNOR9;;9989
CIS RED CAP;BRRPMGACNPR6;30/10/1997;30/10/1997;100.0;BRGPCPACNOR4;;9989
CIS RED CAP;BRRPMGACNPR6;30/10/1997;30/10/1997;100.0;BRRPMGACNPR6;;9989
BONIFICACAO;BRRPMGACPPR1;21/05/1987;29/05/1987;900.0;BRRPMGACPPR1;;9989
GRUPAMENTO;BRRNEWACNOR8;21/11/2018;21/11/2018;0.1;BRRNEWACNOR8;;21636
GRUPAMENTO;BRRNEWACNPR5;21/11/2018;21/11/2018;0.1;BRRNEWACNPR5;;21636
GRUPAMENTO;BRRNEWCDAM15;21/11/2018;21/11/2018;0.1;BRRNEWCDAM15;;21636
GRUPAMENTO;BRLLISACNOR4;28/04/2017;02/06/2017;0.14285714286;BRLLISACNOR4;;21440
DESDOBRAMENTO;BRLLISACNOR4;14/05/2012;15/05/2012;200.0;BRLLISACNOR4;;21440
GRUPAMENTO;BRAESLACNOR6;26/04/2004;29/04/2004;0.00025;BRAESLACNOR6;;16527
GRUPAMENTO;BRAESLACNPR3;26/04/2004;29/04/2004;0.00025;BRAESLACNPR3;;16527
BONIFICACAO;BRROMIACNOR8;23/10/2020;28/10/2020;16.666667462;BRROMIACNOR8;;7510
DESDOBRAMENTO;BRROMIACNOR8;15/02/2007;22/03/2007;900.0;BRROMIACNOR8;;7510
DESDOBRAMENTO;BRROMIACNPR5;15/02/2007;22/03/2007;900.0;BRROMIACNPR5;;7510
GRUPAMENTO;BRROMIACNOR8;29/03/2005;06/05/2005;0.002;BRROMIACNOR8;;7510
GRUPAMENTO;BRROMIACNPR5;29/03/2005;06/05/2005;0.002;BRROMIACNPR5;;7510
GRUPAMENTO;BRRSIDACNOR8;18/01/2016;18/01/2016;0.2;BRRSIDACNOR8;;16306
DESDOBRAMENTO;BRRSIDACNOR8;12/03/2008;12/03/2008;100.0;BRRSIDACNOR8;;16306
INCORPORACAO;BRFRRNACNOR5;16/06/1998;07/12/1998;100.0;BRFRPSACNOR8;;15300
DESDOBRAMENTO;BRSNSYACNOR2;27/07/2020;27/07/2020;3900.0;BRSNSYACNOR2;;12696
DESDOBRAMENTO;BRSNSYACNPA5;27/07/2020;27/07/2020;3900.0;BRSNSYACNPA5;;12696
DESDOBRAMENTO;BRSNSYACNPB3;27/07/2020;27/07/2020;3900.0;BRSNSYACNPB3;;12696
GRUPAMENTO;BRSNSYACNOR2;28/03/2016;28/03/2016;0.01;BRSNSYACNOR2;;12696
GRUPAMENTO;BRSNSYACNPA5;28/03/2016;28/03/2016;0.01;BRSNSYACNPA5;;12696
GRUPAMENTO;BRSNSYACNPB3;28/03/2016;28/03/2016;0.01;BRSNSYACNPB3;;12696
BONIFICACAO;BRSNSYACNOR2;30/01/1990;06/02/1990;1900.0;BRSNSYACNOR2;;12696
BONIFICACAO;BRSNSYACNPB3;30/01/1990;06/02/1990;1900.0;BRSNSYACNPB3;;12696
BONIFICACAO;BRSNSYACPPA0;30/01/1990;06/02/1990;1900.0;BRSNSYACPPA0;;12696
GRUPAMENTO;BRSCARACNOR7;19/06/2006;22/08/2006;0.001;BRSCARACNOR7;;13781
CIS RED CAP;BRSCARACNOR7;26/05/2006;04/07/2006;100.0;BRNXVLACNOR3;;13781
CIS RED CAP;BRSCARACNOR7;26/05/2006;04/07/2006;100.0;BRSCARACNOR7;;13781
CIS RED CAP;BRSCARACNPR4;26/05/2006;04/07/2006;100.0;BRNXVLACNPR0;;13781
CIS RED CAP;BRSCARACNPR4;26/05/2006;04/07/2006;100.0;BRSCARACNPR4;;13781
DESDOBRAMENTO;BRSMTOACNOR3;09/12/2016;09/12/2016;200.0;BRSMTOACNOR3;;20516
RESG TOTAL RV;BRAHEBR02PA6;23/04/2019;23/04/2019;100.0;;;9415
RESG TOTAL RV;BRAHEBR02PB4;23/04/2019;23/04/2019;100.0;;;9415
RESG TOTAL RV;BRAHEBR05OR6;23/04/2019;23/04/2019;100.0;;;9415
GRUPAMENTO;BRSLEDACNOR0;22/11/2021;22/12/2021;0.02857142857;BRSLEDACNOR0;;10472
GRUPAMENTO;BRSLEDACNPR7;22/11/2021;22/12/2021;0.02857142857;BRSLEDACNPR7;;10472
BONIFICACAO;BRSLEDACNOR0;06/01/2006;06/01/2006;10.0;BRSLEDACNPR7;;10472
BONIFICACAO;BRSLEDACNPR7;06/01/2006;06/01/2006;10.0;BRSLEDACNPR7;;10472
DESDOBRAMENTO;BRSLEDACNOR0;02/12/1996;02/12/1996;37400.0;BRSLEDACNOR0;;10472
DESDOBRAMENTO;BRSLEDACNPR7;02/12/1996;02/12/1996;37400.0;BRSLEDACNPR7;;10472
BONIFICACAO;BRSHULACNOR7;13/04/2022;13/04/2022;100.0;BRSHULACNOR7;;14664
BONIFICACAO;BRSHULACNPR4;13/04/2022;13/04/2022;100.0;BRSHULACNPR4;;14664
DESDOBRAMENTO;BRSHULACNOR7;02/12/2010;02/12/2010;400.0;BRSHULACNOR7;;14664
DESDOBRAMENTO;BRSHULACNPR4;02/12/2010;02/12/2010;400.0;BRSHULACNPR4;;14664
GRUPAMENTO;BRSHULACNOR7;25/04/2007;25/04/2007;0.01;BRSHULACNOR7;;14664
GRUPAMENTO;BRSHULACNPR4;25/04/2007;25/04/2007;0.01;BRSHULACNPR4;;14664
DESDOBRAMENTO;BRASAIACNOR0;11/08/2021;11/08/2021;400.0;BRASAIACNOR0;;25372
GRUPAMENTO;BRAPTIACNOR6;29/04/2016;23/06/2016;0.1;BRAPTIACNOR6;;12823
GRUPAMENTO;BRAPTIACNPR3;29/04/2016;23/06/2016;0.1;BRAPTIACNPR3;;12823
DESDOBRAMENTO;BRSIMHACNOR0;10/08/2021;10/08/2021;300.0;BRSIMHACNOR0;;25003
DESDOBRAMENTO;BRSQIAACNOR6;12/09/2019;30/09/2019;300.0;BRSQIAACNOR6;;22799
BONIFICACAO;BRSLCEACNOR2;30/12/2021;30/12/2021;10.0;BRSLCEACNOR2;;20745
DESDOBRAMENTO;BRSLCEACNOR2;30/04/2019;30/04/2019;100.0;BRSLCEACNOR2;;20745
GRUPAMENTO;BRSONDACNOR5;27/04/2007;27/04/2007;0.0002;BRSONDACNOR5;;10880
GRUPAMENTO;BRSONDACNPA8;27/04/2007;27/04/2007;0.0002;BRSONDACNPA8;;10880
GRUPAMENTO;BRSONDACNPB6;27/04/2007;27/04/2007;0.0002;BRSONDACNPB6;;10880
BONIFICACAO;BRSONDACNOR5;29/04/1997;29/04/1997;5.99621;BRSONDACNOR5;;10880
DESDOBRAMENTO;BRSONDACNOR5;29/04/1997;29/04/1997;100.0;BRSONDACNOR5;;10880
BONIFICACAO;BRSONDACNPA8;29/04/1997;29/04/1997;5.99621;BRSONDACNPA8;;10880
DESDOBRAMENTO;BRSONDACNPA8;29/04/1997;29/04/1997;100.0;BRSONDACNPA8;;10880
BONIFICACAO;BRSONDACNPB6;29/04/1997;29/04/1997;5.99621;BRSONDACNPB6;;10880
DESDOBRAMENTO;BRSONDACNPB6;29/04/1997;29/04/1997;100.0;BRSONDACNPB6;;10880
GRUPAMENTO;BRSGPSACNOR4;21/10/2015;21/10/2015;0.25;BRSGPSACNOR4;;20966
BONIFICACAO;BRSULAACNOR2;29/03/2021;29/03/2021;6.04575212;BRSULAACNOR2;;21121
BONIFICACAO;BRSULAACNPR9;29/03/2021;29/03/2021;6.04575212;BRSULAACNPR9;;21121
BONIFICACAO;BRSULACDAM12;29/03/2021;29/03/2021;6.04575212;BRSULACDAM12;;21121
DESDOBRAMENTO;BRSULAACNOR2;28/07/2010;28/07/2010;200.0;BRSULAACNOR2;;21121
DESDOBRAMENTO;BRSULAACNPR9;28/07/2010;28/07/2010;200.0;BRSULAACNPR9;;21121
DESDOBRAMENTO;BRSULACDAM12;28/07/2010;28/07/2010;200.0;BRSULACDAM12;;21121
BONIFICACAO;BRNEMOACNOR6;26/09/2007;26/11/2007;88.25751;BRSZPQACNOR8;;9067
BONIFICACAO;BRNEMOACNOR6;26/09/2007;26/11/2007;8.472483;BRSZPQACNPR5;;9067
BONIFICACAO;BRNEMOACNPR3;26/09/2007;26/11/2007;88.25751;BRSZPQACNOR8;;9067
BONIFICACAO;BRNEMOACNPR3;26/09/2007;26/11/2007;8.472483;BRSZPQACNPR5;;9067
GRUPAMENTO;BRNEMOACNOR6;12/03/1987;17/05/1988;1.0;BRNEMOACNOR6;;9067
GRUPAMENTO;BRNEMOACNPR3;12/03/1987;17/05/1988;1.0;BRNEMOACNPR3;;9067
GRUPAMENTO;BRNEMOACPOR1;12/03/1987;17/05/1988;0.001;BRNEMOACPOR1;;9067
GRUPAMENTO;BRNEMOACPPR8;12/03/1987;17/05/1988;0.001;BRNEMOACPPR8;;9067
BONIFICACAO;BRSUZBACNOR0;30/04/2010;30/04/2010;25.0;BRSUZBACNOR0;;13986
BONIFICACAO;BRSUZBACNPA3;30/04/2010;30/04/2010;25.0;BRSUZBACNPA3;;13986
BONIFICACAO;BRSUZBACNPB1;30/04/2010;30/04/2010;25.0;BRSUZBACNPB1;;13986
GRUPAMENTO;BRTCSAACNOR3;05/05/2020;04/06/2020;0.1;BRTCSAACNOR3;;20435
GRUPAMENTO;BRTCNOACNOR5;20/04/2016;20/04/2016;0.06666666667;BRTCNOACNOR5;;11207
GRUPAMENTO;BRTCNOACNPR2;20/04/2016;20/04/2016;0.06666666667;BRTCNOACNPR2;;11207
DESDOBRAMENTO;BRTCNOACNOR5;28/04/2008;28/04/2008;9900.0;BRTCNOACNOR5;;11207
DESDOBRAMENTO;BRTCNOACNPR2;28/04/2008;28/04/2008;9900.0;BRTCNOACNPR2;;11207
BONIFICACAO;BRTCNOACNOR5;29/04/1992;29/04/1992;300.0;BRTCNOACNOR5;;11207
BONIFICACAO;BRTCNOACNPR2;29/04/1992;29/04/1992;300.0;BRTCNOACNPR2;;11207
GRUPAMENTO;BRTEKAACNOR6;10/12/2015;26/01/2016;0.01;BRTEKAACNOR6;;11223
GRUPAMENTO;BRTEKAACNPR3;10/12/2015;26/01/2016;0.01;BRTEKAACNPR3;;11223
BONIFICACAO;BRTEKAA0POR9;21/04/1988;03/05/1988;60.0;BRTEKAA0POR9;;11223
BONIFICACAO;BRTEKAA0PPR6;21/04/1988;03/05/1988;60.0;BRTEKAA0PPR6;;11223
BONIFICACAO;BRTEKAACPOR1;21/04/1988;03/05/1988;60.0;BRTEKAACPOR1;;11223
BONIFICACAO;BRTEKAACPPR8;21/04/1988;03/05/1988;60.0;BRTEKAACPPR8;;11223
BONIFICACAO;BRTKNOACNOR8;29/04/2014;29/04/2014;3.167639671;BRTKNOACNOR8;;11231
BONIFICACAO;BRTKNOACNPR5;29/04/2014;29/04/2014;3.167639671;BRTKNOACNPR5;;11231
GRUPAMENTO;BRTKNOACNOR8;26/04/2007;04/06/2007;0.01;BRTKNOACNOR8;;11231
GRUPAMENTO;BRTKNOACNPR5;26/04/2007;04/06/2007;0.01;BRTKNOACNPR5;;11231
GRUPAMENTO;BRTELBACNOR2;02/03/2016;01/04/2016;0.1;BRTELBACNOR2;;11258
GRUPAMENTO;BRTELBACNPR9;02/03/2016;01/04/2016;0.1;BRTELBACNPR9;;11258
CIS RED CAP;BRTELBACNOR2;22/05/1998;18/09/1998;100.0;BRTMCPACNOR4;;11258
CIS RED CAP;BRTELBACNOR2;22/05/1998;18/09/1998;100.0;BRTSPPACNOR3;;11258
CIS RED CAP;BRTELBACNOR2;22/05/1998;18/09/1998;100.0;BRTLPPACNOR8;;11258
CIS RED CAP;BRTELBACNOR2;22/05/1998;18/09/1998;100.0;BRTELBACNOR2;;11258
CIS RED CAP;BRTELBACNOR2;22/05/1998;18/09/1998;100.0;BREBTPACNOR3;;11258
CIS RED CAP;BRTELBACNOR2;22/05/1998;18/09/1998;100.0;BRTCSLACNOR0;;11258
CIS RED CAP;BRTELBACNOR2;22/05/1998;18/09/1998;100.0;BRTCOCACNOR8;;11258
CIS RED CAP;BRTELBACNOR2;22/05/1998;18/09/1998;100.0;BRTCSPACNOR1;;11258
CIS RED CAP;BRTELBACNOR2;22/05/1998;18/09/1998;100.0;BRTLCPACNOR6;;11258
CIS RED CAP;BRTELBACNOR2;22/05/1998;18/09/1998;100.0;BRTNEPACNOR8;;11258
CIS RED CAP;BRTELBACNOR2;22/05/1998;18/09/1998;100.0;BRTNCPACNOR2;;11258
CIS RED CAP;BRTELBACNOR2;22/05/1998;18/09/1998;100.0;BRTNLPACNOR3;;11258
CIS RED CAP;BRTELBACNOR2;22/05/1998;18/09/1998;100.0;BRTSEPACNOR7;;11258
CIS RED CAP;BRTELBACNPR9;22/05/1998;18/09/1998;100.0;BRTMCPACNPR1;;11258
CIS RED CAP;BRTELBACNPR9;22/05/1998;18/09/1998;100.0;BRTSPPACNPR0;;11258
CIS RED CAP;BRTELBACNPR9;22/05/1998;18/09/1998;100.0;BRTLPPACNPR5;;11258
CIS RED CAP;BRTELBACNPR9;22/05/1998;18/09/1998;100.0;BRTELBACNPR9;;11258
CIS RED CAP;BRTELBACNPR9;22/05/1998;18/09/1998;100.0;BREBTPACNPR0;;11258
CIS RED CAP;BRTELBACNPR9;22/05/1998;18/09/1998;100.0;BRTCSLACNPR7;;11258
CIS RED CAP;BRTELBACNPR9;22/05/1998;18/09/1998;100.0;BRTCOCACNPR5;;11258
CIS RED CAP;BRTELBACNPR9;22/05/1998;18/09/1998;100.0;BRTCSPACNPR8;;11258
CIS RED CAP;BRTELBACNPR9;22/05/1998;18/09/1998;100.0;BRTLCPACNPR3;;11258
CIS RED CAP;BRTELBACNPR9;22/05/1998;18/09/1998;100.0;BRTNEPACNPR5;;11258
CIS RED CAP;BRTELBACNPR9;22/05/1998;18/09/1998;100.0;BRTNCPACNPR9;;11258
CIS RED CAP;BRTELBACNPR9;22/05/1998;18/09/1998;100.0;BRTNLPACNPR0;;11258
CIS RED CAP;BRTELBACNPR9;22/05/1998;18/09/1998;100.0;BRTSEPACNPR4;;11258
BONIFICACAO;BRTELBACPOR7;23/03/1990;11/06/1990;100.0;BRTELBACNOR2;;11258
BONIFICACAO;BRTELBACPPR4;23/03/1990;11/06/1990;100.0;BRTELBACNPR9;;11258
GRUPAMENTO;BRTXRXACNOR3;29/04/2016;29/04/2016;0.1;BRTXRXACNOR3;;7544
GRUPAMENTO;BRTXRXACNPR0;29/04/2016;29/04/2016;0.1;BRTXRXACNPR0;;7544
BONIFICACAO;BRTXRXACNOR3;28/04/1994;28/04/1994;600.0;BRTXRXACNOR3;;7544
BONIFICACAO;BRTXRXACNPR0;28/04/1994;28/04/1994;600.0;BRTXRXACNPR0;;7544
DESDOBRAMENTO;BRTOTSACNOR8;27/04/2020;30/04/2020;200.0;BRTOTSACNOR8;;19992
DESDOBRAMENTO;BRTAEEACNOR9;04/12/2012;04/12/2012;200.0;BRTAEEACNOR9;;20257
DESDOBRAMENTO;BRTAEEACNPR6;04/12/2012;04/12/2012;200.0;BRTAEEACNPR6;;20257
DESDOBRAMENTO;BRTAEECDAM10;04/12/2012;04/12/2012;200.0;BRTAEECDAM10;;20257
BONIFICACAO;BRLUXMACNOR7;28/04/2017;28/04/2017;50.0;BRLUXMACNOR7;;8192
BONIFICACAO;BRLUXMACNPR4;28/04/2017;28/04/2017;50.0;BRLUXMACNPR4;;8192
DESDOBRAMENTO;BRLUXMACNOR7;16/10/2012;21/11/2012;9900.0;BRLUXMACNOR7;;8192
DESDOBRAMENTO;BRLUXMACNPR4;16/10/2012;21/11/2012;9900.0;BRLUXMACNPR4;;8192
GRUPAMENTO;BRLUXMACNOR7;16/10/2012;21/11/2012;0.01;BRLUXMACNOR7;;8192
GRUPAMENTO;BRLUXMACNPR4;16/10/2012;21/11/2012;0.01;BRLUXMACNPR4;;8192
DESDOBRAMENTO;BRTRISACNOR4;26/04/2018;27/04/2018;100.0;BRTRISACNOR4;;21130
BONIFICACAO;BRTRISACNOR4;26/04/2010;26/04/2010;7.692307692;BRTRISACNOR4;;21130
BONIFICACAO;BRCRPGACNOR0;29/04/2019;29/04/2019;25.0;BRCRPGACNOR0;;11398
BONIFICACAO;BRCRPGACNPA3;29/04/2019;29/04/2019;25.0;BRCRPGACNPA3;;11398
BONIFICACAO;BRCRPGACNPB1;29/04/2019;29/04/2019;25.0;BRCRPGACNPB1;;11398
DESDOBRAMENTO;BRTUPYACNOR1;08/02/2013;08/02/2013;100.0;BRTUPYACNOR1;;6343
GRUPAMENTO;BRTUPYACNOR1;27/04/2010;19/07/2010;0.001;BRTUPYACNOR1;;6343
GRUPAMENTO;BRTUPYACNPR8;27/04/2010;19/07/2010;0.001;BRTUPYACNPR8;;6343
BONIFICACAO;BRTUPYACNOR1;28/04/1988;28/04/1988;200.0;BRTUPYACNOR1;;6343
BONIFICACAO;BRTUPYACNPR8;28/04/1988;28/04/1988;200.0;BRTUPYACNPR8;;6343
DESDOBRAMENTO;BRUGPAACNOR8;10/04/2019;17/04/2019;100.0;BRUGPAACNOR8;;18465
GRUPAMENTO;BRUGPAACNOR8;20/07/2005;22/08/2005;0.001;BRUGPAACNOR8;;18465
GRUPAMENTO;BRUGPAACNPR5;20/07/2005;22/08/2005;0.001;BRUGPAACNPR5;;18465
BONIFICACAO;BRUGPAACNOR8;02/02/2005;10/02/2005;15.0;BRUGPAACNPR5;;18465
BONIFICACAO;BRUGPAACNPR5;02/02/2005;10/02/2005;15.0;BRUGPAACNPR5;;18465
BONIFICACAO;BRUNIPACNOR7;20/04/2022;20/04/2022;10.0;BRUNIPACNOR7;;11592
BONIFICACAO;BRUNIPACNPA0;20/04/2022;20/04/2022;10.0;BRUNIPACNPA0;;11592
BONIFICACAO;BRUNIPACNPB8;20/04/2022;20/04/2022;10.0;BRUNIPACNPB8;;11592
GRUPAMENTO;BRUNIPACNOR7;27/11/2014;09/01/2015;0.1;BRUNIPACNOR7;;11592
GRUPAMENTO;BRUNIPACNPA0;27/11/2014;09/01/2015;0.1;BRUNIPACNPA0;;11592
GRUPAMENTO;BRUNIPACNPB8;27/11/2014;09/01/2015;0.1;BRUNIPACNPB8;;11592
DESDOBRAMENTO;BRUSIMACNOR3;27/09/2010;27/09/2010;100.0;BRUSIMACNOR3;;14320
DESDOBRAMENTO;BRUSIMACNPA6;27/09/2010;27/09/2010;100.0;BRUSIMACNPA6;;14320
DESDOBRAMENTO;BRUSIMACNPB4;27/09/2010;27/09/2010;100.0;BRUSIMACNPB4;;14320
BONIFICACAO;BRUSIMACNOR3;29/04/2008;29/04/2008;50.0;BRUSIMACNOR3;;14320
BONIFICACAO;BRUSIMACNPA6;29/04/2008;29/04/2008;50.0;BRUSIMACNPA6;;14320
BONIFICACAO;BRUSIMACNPB4;29/04/2008;29/04/2008;50.0;BRUSIMACNPB4;;14320
GRUPAMENTO;BRUSIMA01OR4;29/01/1999;01/02/1999;0.005;BRUSIMA01OR4;;14320
GRUPAMENTO;BRUSIMACNPB4;29/01/1999;01/02/1999;0.005;BRUSIMACNPB4;;14320
DESDOBRAMENTO;BRVALEACNOR0;31/08/2007;31/08/2007;100.0;BRVALEACNOR0;;4170
DESDOBRAMENTO;BRVALEACNPA3;31/08/2007;31/08/2007;100.0;BRVALEACNPA3;;4170
BONIFICACAO;BRVALEACNOR0;18/04/1997;18/04/1997;100.0;BRVALEACNPB1;;4170
BONIFICACAO;BRVALEACNPR7;18/04/1997;18/04/1997;100.0;BRVALEACNPB1;;4170
GRUPAMENTO;BRVALEACNOR0;10/04/1996;10/04/1996;0.1;BRVALEACNOR0;;4170
GRUPAMENTO;BRVALEACNPR7;10/04/1996;10/04/1996;0.1;BRVALEACNPR7;;4170
BONIFICACAO;BRVLIDACNOR5;15/05/2017;15/05/2017;10.0;BRVLIDACNOR5;;20028
DESDOBRAMENTO;BRVAMOACNOR7;13/08/2021;13/08/2021;300.0;BRVAMOACNOR7;;24716
GRUPAMENTO;BRVIVRACNOR4;12/04/2019;12/04/2019;0.1;BRVIVRACNOR4;;20702
GRUPAMENTO;BRVULCACNOR2;16/03/2016;16/03/2016;0.25;BRVULCACNOR2;;11762
DESDOBRAMENTO;BRVULCACNOR2;05/01/2011;05/01/2011;300.0;BRVULCACNOR2;;11762
BONIFICACAO;BRVULCACNOR2;27/02/1986;27/02/1986;200.0;BRVULCACNOR2;;11762
BONIFICACAO;BRVULCACNPR9;27/02/1986;27/02/1986;200.0;BRVULCACNPR9;;11762
DESDOBRAMENTO;BRWEGEACNOR0;27/04/2021;27/04/2021;100.0;BRWEGEACNOR0;;5410
BONIFICACAO;BRWEGEACNOR0;24/04/2018;24/04/2018;30.0;BRWEGEACNOR0;;5410
GRUPAMENTO;BRMWETACNOR6;10/09/2015;10/09/2015;0.1;BRMWETACNOR6;;11991
GRUPAMENTO;BRMWETACNPR3;10/09/2015;10/09/2015;0.1;BRMWETACNPR3;;11991
DESDOBRAMENTO;BRMWETACNOR6;29/04/2011;29/04/2011;300.0;BRMWETACNOR6;;11991
DESDOBRAMENTO;BRMWETACNPR3;29/04/2011;29/04/2011;300.0;BRMWETACNPR3;;11991
BONIFICACAO;BRMWETACPOR1;13/09/1985;24/10/1985;500.0;BRMWETACPOR1;;11991
BONIFICACAO;BRMWETACPPR8;13/09/1985;24/10/1985;500.0;BRMWETACPPR8;;11991
DESDOBRAMENTO;BRPORTACNOR8;26/04/2022;13/05/2022;500.0;BRPORTACNOR8;;26247
CIS RED CAP;BRABTTBDR007;03/12/2012;28/12/2012;100.0;BRABTTBDR007;;50512
CIS RED CAP;BRABTTBDR007;03/12/2012;28/12/2012;100.0;BRABBVBDR001;;50512
RESG TOTAL RV;BRABBVBDR001;31/01/2013;31/01/2013;100.0;;;51071
DESDOBRAMENTO;BRADBEBDR003;28/10/2020;28/10/2020;900.0;BRADBEBDR003;;51519
DESDOBRAMENTO;BRA1APBDR001;21/10/2020;21/10/2020;300.0;BRA1APBDR001;;54380
DESDOBRAMENTO;BRA1KABDR002;28/10/2020;28/10/2020;500.0;BRA1KABDR002;;53554
DESDOBRAMENTO;BRBABABDR005;21/10/2020;21/10/2020;2700.0;BRBABABDR005;;52280
DESDOBRAMENTO;BRGOGLBDR001;21/10/2020;21/10/2020;500.0;BRGOGLBDR001;;51268
DESDOBRAMENTO;BRGOGLBDR019;21/10/2020;21/10/2020;500.0;BRGOGLBDR019;;51268
DESDOBRAMENTO;BRAMZOBDR002;25/05/2022;25/05/2022;1900.0;BRAMZOBDR002;;50202
DESDOBRAMENTO;BRAXPBBDR007;26/01/2021;26/01/2021;900.0;BRAXPBBDR007;;50300
DESDOBRAMENTO;BRAMGNBDR004;28/10/2020;28/10/2020;2700.0;BRAMGNBDR004;;50482
DESDOBRAMENTO;BRA1PHBDR006;27/01/2021;04/03/2021;100.0;BRA1PHBDR006;;53600
DESDOBRAMENTO;BRABUDBDR009;28/10/2020;28/10/2020;500.0;BRABUDBDR009;;52620
CIS RED CAP;BRA1IVBDR002;16/12/2020;16/12/2020;100.0;BRA1IVBDR002;;54453
CIS RED CAP;BRA1IVBDR002;16/12/2020;16/12/2020;100.0;BRAIMCBDR003;;54453
GRUPAMENTO;BRA1IVBDR002;04/12/2020;04/12/2020;0.807617448;BRA1IVBDR002;;54453
DESDOBRAMENTO;BRAAPLBDR004;28/08/2020;28/08/2020;300.0;BRAAPLBDR004;;50024
GRUPAMENTO;BRARMTBDR008;11/05/2017;19/05/2017;0.33333333334;BRARMTBDR008;;50083
CIS RED CAP;BRARMTBDR008;25/01/2011;24/01/2011;100.0;BRARMTBDR008;;50083
CIS RED CAP;BRARMTBDR008;25/01/2011;24/01/2011;2.5;BRAPRMBDR006;;50083
DESDOBRAMENTO;BRA1NEBDR008;17/11/2021;17/11/2021;300.0;BRA1NEBDR008;;54461
CIS RED CAP;BRATTBBDR007;05/04/2022;05/04/2022;100.0;BRATTBBDR007;;50318
CIS RED CAP;BRATTBBDR007;05/04/2022;05/04/2022;8.0639;BRW1TZBDR004;;50318
DESDOBRAMENTO;BRATTBBDR007;26/01/2021;26/01/2021;200.0;BRATTBBDR007;;50318
DESDOBRAMENTO;BRAURABDR001;05/08/2020;25/08/2020;1400.0;BRAURABDR001;;80187
DESDOBRAMENTO;BRBOACBDR004;28/10/2020;28/10/2020;300.0;BRBOACBDR004;;50059
CIS RED CAP;BRB1DXBDR008;01/02/2022;31/03/2022;100.0;BRB1DXBDR008;;54488
CIS RED CAP;BRB1DXBDR008;01/02/2022;31/03/2022;4.0;BRE1BXBDR009;;54488
DESDOBRAMENTO;BRBERKBDR002;26/01/2021;26/01/2021;1900.0;BRBERKBDR002;;50717
CIS RED CAP;BRBIIBBDR001;20/12/2016;11/01/2017;8.33333;BRBIVVBDR002;;51241
CIS RED CAP;BRBIIBBDR001;20/12/2016;11/01/2017;100.0;BRBIIBBDR001;;51241
DESDOBRAMENTO;BRBKNGBDR006;28/10/2020;28/10/2020;600.0;BRBKNGBDR006;;51578
CIS RED CAP;BRA1LLBDR007;13/05/2021;05/11/2021;100.0;BRA1LLBDR007;;54410
CIS RED CAP;BRA1LLBDR007;13/05/2021;05/11/2021;10.0;BRL1VIBDR009;;54410
DESDOBRAMENTO;BRAVGOBDR003;21/10/2020;21/10/2020;600.0;BRAVGOBDR003;;51586
CIS RED CAP;BRB1AMBDR007;08/06/2021;25/06/2021;100.0;BRB1AMBDR007;;56014
CIS RED CAP;BRB1AMBDR007;08/06/2021;25/06/2021;0.1724137;BRB2AMBDR005;;56014
DESDOBRAMENTO;BRCPRLBDR004;21/04/2021;13/05/2021;400.0;BRCPRLBDR004;;51608
DESDOBRAMENTO;BRCATPBDR003;08/02/2021;08/02/2021;1500.0;BRCATPBDR003;;50210
RESG TOTAL RV;BRC1ERBDR007;13/06/2022;15/06/2022;100.0;;;53694
DESDOBRAMENTO;BRCHCMBDR001;21/10/2020;21/10/2020;1100.0;BRCHCMBDR001;;51640
DESDOBRAMENTO;BRCHVXBDR008;25/01/2021;08/02/2021;400.0;BRCHVXBDR008;;50237
DESDOBRAMENTO;BRCSCOBDR004;28/10/2020;28/10/2020;400.0;BRCSCOBDR004;;50121
DESDOBRAMENTO;BRCTGPBDR000;28/10/2020;28/10/2020;500.0;BRCTGPBDR000;;50105
GRUPAMENTO;BRCTGPBDR000;21/03/2011;03/05/2011;0.5;BRCTGPBDR000;;50105
DESDOBRAMENTO;BRCOLGBDR000;25/01/2021;08/02/2021;600.0;BRCOLGBDR000;;50245
DESDOBRAMENTO;BRCMCSBDR008;21/10/2020;21/10/2020;400.0;BRCMCSBDR008;;50490
CIS RED CAP;BRCOPHBDR009;04/04/2012;30/04/2012;12.5;BRPHLLBDR006;;50520
CIS RED CAP;BRCOPHBDR009;04/04/2012;30/04/2012;100.0;BRCOPHBDR009;;50520
DESDOBRAMENTO;BRC1GPBDR006;07/06/2021;25/06/2021;900.0;BRC1GPBDR006;;56065
DESDOBRAMENTO;BRCOWCBDR006;21/10/2020;21/10/2020;900.0;BRCOWCBDR006;;51101
DESDOBRAMENTO;BRCSXCBDR005;28/06/2021;28/06/2021;200.0;BRCSXCBDR005;;51713
CIS RED CAP;BRDHERBDR004;03/12/2015;04/07/2016;100.0;BRFTVEBDR006;;51020
CIS RED CAP;BRDHERBDR004;03/12/2016;04/07/2016;100.0;BRDHERBDR004;;51020
CIS RED CAP;BRD1ELBDR009;20/10/2021;01/11/2021;100.0;BRD1ELBDR009;;52906
CIS RED CAP;BRD1ELBDR009;20/10/2021;01/11/2021;44.0626;BRV3MWBDR003;;52906
DESDOBRAMENTO;BRD1EXBDR004;30/03/2022;10/06/2022;300.0;BRD1EXBDR004;;56090
CIS RED CAP;BRD1TEBDR002;30/06/2021;30/06/2021;100.0;BRD1TEBDR002;;55433
CIS RED CAP;BRD1TEBDR002;30/06/2021;30/06/2021;12.5;BRD3TEBDR008;;55433
CIS RED CAP;BREBAYBDR009;02/07/2015;08/07/2015;50.0;BRPYPLBDR002;;50547
CIS RED CAP;BREBAYBDR009;02/07/2015;08/07/2015;100.0;BREBAYBDR009;;50547
DESDOBRAMENTO;BRE1WLBDR000;21/05/2020;29/05/2020;200.0;BRE1WLBDR000;;54615
DESDOBRAMENTO;BREQIXBDR002;21/10/2020;21/10/2020;1500.0;BREQIXBDR002;;51802
CIS RED CAP;BRE1XCBDR007;20/01/2022;01/02/2022;100.0;BRE1XCBDR007;;52990
CIS RED CAP;BRE1XCBDR007;20/01/2022;01/02/2022;33.3333333;BRC1ECBDR009;;52990
DESDOBRAMENTO;BRFASLBDR007;28/05/2019;28/05/2019;100.0;BRFASLBDR007;;51837
DESDOBRAMENTO;BRF1NIBDR004;28/10/2020;28/10/2020;300.0;BRF1NIBDR004;;53007
CIS RED CAP;BRF1TVBDR004;08/10/2020;08/10/2020;100.0;BRF1TVBDR004;;53821
CIS RED CAP;BRF1TVBDR004;08/10/2020;08/10/2020;20.0;BRV1TEBDR000;;53821
DESDOBRAMENTO;BRFCXOBDR007;09/12/2010;01/02/2011;100.0;BRFCXOBDR007;;50180
GRUPAMENTO;BRGEOOBDR000;29/06/2021;30/07/2021;0.125;BRGEOOBDR000;;50172
CIS RED CAP;BRGEOOBDR000;04/02/2019;11/02/2019;0.5403;BRWABTBDR001;;50172
CIS RED CAP;BRGEOOBDR000;04/02/2019;11/02/2019;100.0;BRGEOOBDR000;;50172
DESDOBRAMENTO;BRGMCOBDR008;28/10/2020;28/10/2020;300.0;BRGMCOBDR008;;51306
BONIFICACAO;BRGPRKBDR007;10/02/2020;19/02/2020;0.4;BRGPRKBDR007;;51861
BONIFICACAO;BRGPIVBDR003;19/03/2010;30/04/2010;4.032485;BRGPIVBDR003;;80020
DESDOBRAMENTO;BRGPIVBDR003;07/04/2008;07/04/2008;300.0;BRGPIVBDR003;;80020
CIS RED CAP;BRHPQBBDR006;01/10/2015;21/10/2015;100.0;BRHPEWBDR008;;50695
CIS RED CAP;BRHPQBBDR006;01/10/2015;21/10/2015;100.0;BRHPQBBDR006;;50695
CIS RED CAP;BRHONBBDR006;02/10/2018;16/10/2018;16.66666666667;BRREZIBDR005;;50679
CIS RED CAP;BRHONBBDR006;02/10/2018;16/10/2018;100.0;BRHONBBDR006;;50679
CIS RED CAP;BRARNCBDR002;06/02/2020;30/03/2020;25.0;BRA1COBDR000;;51420
CIS RED CAP;BRARNCBDR002;06/02/2020;30/03/2020;100.0;BRARNCBDR002;;51420
CIS RED CAP;BRI1ACBDR001;21/05/2021;25/05/2021;100.0;BRI1ACBDR001;;56154
CIS RED CAP;BRI1ACBDR001;21/05/2021;25/05/2021;8.1175;BRV1MEBDR005;;56154
DESDOBRAMENTO;BRITLCBDR005;28/10/2020;28/10/2020;500.0;BRITLCBDR005;;50164
CIS RED CAP;BRIBMBBDR003;12/10/2021;25/10/2021;100.0;BRIBMBBDR003;;50342
CIS RED CAP;BRIBMBBDR003;12/10/2021;25/10/2021;20.0;BRK2YNBDR002;;50342
CIS RED CAP;BRI1PCBDR009;23/08/2021;30/09/2021;100.0;BRI1PCBDR009;;53090
CIS RED CAP;BRI1PCBDR009;28/08/2021;30/09/2021;9.0;BRS52CBDR000;;53090
DESDOBRAMENTO;BRI1SRBDR001;05/08/2021;04/10/2021;200.0;BRI1SRBDR001;;55573
DESDOBRAMENTO;BRBIXNBDR005;21/06/2021;16/07/2021;500.0;BRBIXNBDR005;;79332
DESDOBRAMENTO;BRBIAUBDR008;26/05/2021;27/05/2021;100.0;BRBIAUBDR008;;79006
GRUPAMENTO;BRBIAUBDR008;21/05/2021;21/05/2021;0.5;BRBIAUBDR008;;79006
DESDOBRAMENTO;BRBIHIBDR008;21/06/2021;16/07/2021;500.0;BRBIHIBDR008;;79529
DESDOBRAMENTO;BRBAERBDR003;04/12/2020;04/12/2020;100.0;BRBAERBDR003;;79138
DESDOBRAMENTO;BRBIYFBDR009;04/12/2020;04/12/2020;100.0;BRBIYFBDR009;;79219
DESDOBRAMENTO;BRBIYWBDR004;04/12/2020;04/12/2020;300.0;BRBIYWBDR004;;79197
DESDOBRAMENTO;BRJNJBBDR002;26/01/2021;26/01/2021;1400.0;BRJNJBBDR002;;50350
DESDOBRAMENTO;BRJPMCBDR009;21/10/2020;21/10/2020;400.0;BRJPMCBDR009;;50571
BONIFICACAO;BRPHGNBDR002;07/07/2020;07/07/2020;2.0285;BRPHGNBDR002;;52566
DESDOBRAMENTO;BRMSCDBDR006;25/01/2021;08/02/2021;3000.0;BRMSCDBDR006;;50253
DESDOBRAMENTO;BRM1KCBDR004;17/11/2020;30/11/2020;100.0;BRM1KCBDR004;;55654
DESDOBRAMENTO;BRMCDCBDR000;21/10/2020;21/10/2020;400.0;BRMCDCBDR000;;50075
DESDOBRAMENTO;BRMELIBDR006;21/10/2020;21/10/2020;1100.0;BRMELIBDR006;;51969
CIS RED CAP;BRMRCKBDR003;02/06/2021;02/06/2021;100.0;BRMRCKBDR003;;50148
CIS RED CAP;BRMRCKBDR003;02/06/2021;02/06/2021;1.25;BRO3COBDR000;;50148
DESDOBRAMENTO;BRMRCKBDR003;28/10/2020;28/10/2020;700.0;BRMRCKBDR003;;50148
CIS RED CAP;BRMETBBDR004;06/07/2017;19/07/2017;9.090909;BRBHFWBDR005;;50881
CIS RED CAP;BRMETBBDR004;06/07/2017;19/07/2017;100.0;BRMETBBDR004;;50881
DESDOBRAMENTO;BRM1CHBDR000;25/08/2021;11/10/2021;100.0;BRM1CHBDR000;;53210
DESDOBRAMENTO;BRMSFTBDR005;21/10/2020;21/10/2020;2300.0;BRMSFTBDR005;;50156
DESDOBRAMENTO;BRM1NSBDR004;16/09/2020;16/09/2020;700.0;BRM1NSBDR004;;54089
DESDOBRAMENTO;BRMSBRBDR008;26/01/2021;26/01/2021;400.0;BRMSBRBDR008;;50644
DESDOBRAMENTO;BRNETEBDR006;23/09/2020;01/10/2020;400.0;BRNETEBDR006;;52418
DESDOBRAMENTO;BRNFLXBDR000;21/10/2020;21/10/2020;4900.0;BRNFLXBDR000;;50458
BONIFICACAO;BRNFLXBDR000;24/06/2015;14/07/2015;600.0;BRNFLXBDR000;;50458
GRUPAMENTO;BRE1DUBDR001;05/04/2022;08/04/2022;0.1;BRE1DUBDR001;;56677
DESDOBRAMENTO;BRE1DUBDR001;11/03/2021;11/03/2021;900.0;BRE1DUBDR001;;56677
DESDOBRAMENTO;BRNEXTBDR006;14/09/2020;26/10/2020;300.0;BRNEXTBDR006;;51993
DESDOBRAMENTO;BRNIKEBDR006;25/01/2021;08/02/2021;900.0;BRNIKEBDR006;;50270
DESDOBRAMENTO;BRNVDCBDR008;07/06/2021;19/07/2021;300.0;BRNVDCBDR008;;52019
RESG TOTAL RV;BROXYPR01M10;11/08/2020;11/08/2020;100.0;;;52027
BONIFICACAO;BROXYPBDR000;26/06/2020;06/07/2020;6.25;BROXYPR01M10;;52027
DESDOBRAMENTO;BRORCLBDR007;25/01/2021;08/02/2021;500.0;BRORCLBDR007;;50288
DESDOBRAMENTO;BRPYPLBDR002;28/10/2020;28/10/2020;900.0;BRPYPLBDR002;;52043
RESG TOTAL RV;BRPYPLBDR002;31/07/2015;22/04/2019;100.0;;;52043
DESDOBRAMENTO;BRPEPBBDR005;26/01/2021;26/01/2021;1400.0;BRPEPBBDR005;;50377
CIS RED CAP;BRPFIZBDR006;16/11/2020;16/11/2020;100.0;BRPFIZBDR006;;50040
CIS RED CAP;BRPFIZBDR006;16/11/2020;16/11/2020;3.102;BRV1TRBDR002;;50040
DESDOBRAMENTO;BRPFIZBDR006;28/10/2020;28/10/2020;300.0;BRPFIZBDR006;;50040
GRUPAMENTO;BRPPLABDR002;14/02/2020;17/03/2020;0.03333333334;BRPPLABDR002;;80152
GRUPAMENTO;BRPPLABDR010;14/02/2020;17/03/2020;0.03333333334;BRPPLABDR010;;80152
GRUPAMENTO;BRPPLAUNT007;14/02/2020;17/03/2020;0.03333333334;BRPPLAUNT007;;80152
DESDOBRAMENTO;BRPGCOBDR001;28/10/2020;28/10/2020;1300.0;BRPGCOBDR001;;50199
CIS RED CAP;BRP1UKBDR003;06/08/2021;17/09/2021;100.0;BRP1UKBDR003;;56960
CIS RED CAP;BRP1UKBDR003;06/08/2021;17/09/2021;1.25;BRJ12FBDR006;;56960
DESDOBRAMENTO;BRQCOMBDR007;28/10/2020;28/10/2020;1100.0;BRQCOMBDR007;;50415
DESDOBRAMENTO;BRR1JFBDR004;25/08/2021;21/09/2021;50.0;BRR1JFBDR004;;55069
DESDOBRAMENTO;BRRYTTBDR003;25/01/2021;08/02/2021;500.0;BRRYTTBDR003;;50776
CIS RED CAP;BRR1INBDR000;01/11/2021;12/11/2021;100.0;BRR1INBDR000;;55077
CIS RED CAP;BRR1INBDR000;01/11/2021;12/11/2021;5.0;BRO2RIBDR002;;55077
DESDOBRAMENTO;BRR1OLBDR002;10/12/2020;10/12/2020;50.0;BRR1OLBDR002;;55093
DESDOBRAMENTO;BRSSFOBDR003;21/10/2020;21/10/2020;1000.0;BRSSFOBDR003;;51195
DESDOBRAMENTO;BRSLBGBDR003;25/01/2021;08/02/2021;100.0;BRSLBGBDR003;;50296
GRUPAMENTO;BRS1KMBDR007;01/12/2021;01/12/2021;0.6073625;BRS1KMBDR007;;57010
CIS RED CAP;BRS1KMBDR007;17/08/2021;29/11/2021;100.0;BRS1KMBDR007;;57010
CIS RED CAP;BRS1KMBDR007;17/08/2021;29/11/2021;5.4533;BRS2QRBDR001;;57010
GRUPAMENTO;BRS1LGBDR007;14/12/2021;21/01/2022;0.97030855;BRS1LGBDR007;;55808
DESDOBRAMENTO;BRSBUBBDR005;18/03/2015;08/04/2015;100.0;BRSBUBBDR005;;50610
DESDOBRAMENTO;BRTSMCBDR002;28/10/2020;28/10/2020;700.0;BRTSMCBDR002;;52531
CIS RED CAP;BRT1ECBDR000;23/02/2021;23/02/2021;100.0;BRT1ECBDR000;;53805
CIS RED CAP;BRT1ECBDR000;23/02/2021;23/02/2021;20.0;BRT1ENBDR007;;53805
DESDOBRAMENTO;BRTSLABDR008;21/10/2020;21/10/2020;700.0;BRTSLABDR008;;51403
DESDOBRAMENTO;BRTEXABDR003;26/01/2021;26/01/2021;1400.0;BRTEXABDR003;;50954
DESDOBRAMENTO;BRSCHWBDR006;28/10/2020;28/10/2020;300.0;BRSCHWBDR006;;51209
DESDOBRAMENTO;BRCOCABDR002;25/01/2021;08/02/2021;500.0;BRCOCABDR002;;50229
DESDOBRAMENTO;BRHOMEBDR002;21/10/2020;21/10/2020;1300.0;BRHOMEBDR002;;50563
DESDOBRAMENTO;BRKHCBBDR007;26/01/2021;26/01/2021;300.0;BRKHCBBDR007;;51063
DESDOBRAMENTO;BRS1HWBDR002;31/03/2021;31/03/2021;200.0;BRS1HWBDR002;;55867
DESDOBRAMENTO;BRT2TDBDR004;10/05/2021;16/06/2021;900.0;BRT2TDBDR004;;57355
DESDOBRAMENTO;BRDISBBDR006;26/01/2021;26/01/2021;1400.0;BRDISBBDR006;;50393
DESDOBRAMENTO;BRTMOSBDR007;21/10/2020;21/10/2020;1100.0;BRTMOSBDR007;;51233
DESDOBRAMENTO;BRUSBCBDR003;25/01/2021;08/02/2021;300.0;BRUSBCBDR003;;50784
DESDOBRAMENTO;BRU1BEBDR009;28/10/2020;28/10/2020;300.0;BRU1BEBDR009;;53430
DESDOBRAMENTO;BRU1LTBDR006;28/10/2020;28/10/2020;100.0;BRU1LTBDR006;;55883
DESDOBRAMENTO;BRUPSSBDR009;28/10/2020;28/10/2020;300.0;BRUPSSBDR009;;50598
DESDOBRAMENTO;BRUNHHBDR000;21/10/2020;21/10/2020;600.0;BRUNHHBDR000;;52175
DESDOBRAMENTO;BRVERZBDR008;28/10/2020;28/10/2020;500.0;BRVERZBDR008;;50423
DESDOBRAMENTO;BRVISABDR000;26/01/2021;26/01/2021;1900.0;BRVISABDR000;;50385
DESDOBRAMENTO;BRWALMBDR005;21/10/2020;21/10/2020;300.0;BRWALMBDR005;;50067
DESDOBRAMENTO;BRWFCOBDR009;28/10/2020;28/10/2020;300.0;BRWFCOBDR009;;50130
DESDOBRAMENTO;BRW1RBBDR009;25/02/2022;23/03/2022;50.0;BRW1RBBDR009;;56430
DESDOBRAMENTO;BRG1WWBDR005;21/10/2020;21/10/2020;700.0;BRG1WWBDR005;;55948
GRUPAMENTO;BRXRXBBDR005;23/05/2017;13/06/2017;0.25;BRXRXBBDR005;;50601
CIS RED CAP;BRXRXBBDR005;08/11/2016;15/12/2016;20.0;BRCNDTBDR002;;50601
CIS RED CAP;BRXRXBBDR005;08/11/2016;15/12/2016;100.0;BRXRXBBDR005;;50601
CIS RED CAP;BRZ1BHBDR007;07/02/2022;25/02/2022;100.0;BRZ1BHBDR007;;55212
CIS RED CAP;BRZ1BHBDR007;07/02/2022;25/02/2022;2.5;BRW8RTBDR006;;55212
INCORPORACAO;BRZ2NGBDR002;20/05/2022;27/05/2022;16.24;BRT1TWBDR006;;57371
